//! The main menu's icons: pixel art, as indices into one shared palette.
//!
//! Generated by `tools/artgen/pixels2rs.py` -- edit the PNGs and re-run it.
//!
//! One palette for the whole set, because the panel maps a scanline's indices
//! through a single 16-entry table at send time and these are shown side by
//! side. Index 0 is the transparent background and is not drawn; index 15 is
//! white, which is what the labels draw in too.

use super::indexed::Indexed;

/// The colours all 8 icons are drawn from, RGB565.
///
/// Index 0 is the background (#303030): the art leaves it alone and the
/// screen behind is cleared to it, so it is what shows through.
#[rustfmt::skip]
pub const PALETTE: [u16; 16] = [
    0x3186, 0x0000, 0x344F, 0x6616, 0x63B1, 0xBE3B, 0xC2E3, 0xF465, 0xF619, 0xFEAB, 0x0000, 0x0000, 0x0000, 0x0000, 0x0000, 0xFFFF,
];

/// `address-list.png`, 64x64.
#[rustfmt::skip]
pub const ADDRESS_LIST: Indexed = Indexed {
    width: 64,
    height: 64,
    palette: PALETTE,
    pixels: &[
        0x00, 0x00, 0x00, 0x00, 0x00, 0x00, 0x00, 0x00, 0x00, 0x00, 0x00, 0x00, 0x00, 0x00, 0x00, 0x00,
        0x00, 0x00, 0x00, 0x00, 0x00, 0x00, 0x00, 0x00, 0x00, 0x00, 0x00, 0x00, 0x00, 0x00, 0x00, 0x00,
        0x00, 0x00, 0x00, 0x00, 0x00, 0x00, 0x00, 0x00, 0x00, 0x00, 0x00, 0x00, 0x00, 0x00, 0x00, 0x00,
        0x00, 0x00, 0x00, 0x00, 0x00, 0x00, 0x00, 0x00, 0x00, 0x00, 0x00, 0x00, 0x00, 0x00, 0x00, 0x00,
        0x00, 0x00, 0x00, 0x00, 0x00, 0x00, 0x00, 0x00, 0x00, 0x00, 0x00, 0x00, 0x00, 0x00, 0x00, 0x00,
        0x00, 0x00, 0x00, 0x00, 0x00, 0x00, 0x00, 0x00, 0x00, 0x00, 0x00, 0x00, 0x00, 0x00, 0x00, 0x00,
        0x00, 0x00, 0x00, 0x00, 0x00, 0x00, 0x00, 0x00, 0x00, 0x00, 0x00, 0x00, 0x00, 0x00, 0x00, 0x00,
        0x00, 0x00, 0x00, 0x00, 0x00, 0x00, 0x00, 0x00, 0x00, 0x00, 0x00, 0x00, 0x00, 0x00, 0x00, 0x00,
        0x00, 0x00, 0x00, 0x00, 0x00, 0x00, 0x00, 0x00, 0x00, 0x00, 0x00, 0x00, 0x00, 0x00, 0x00, 0x00,
        0x00, 0x00, 0x00, 0x00, 0x00, 0x00, 0x00, 0x00, 0x00, 0x00, 0x00, 0x00, 0x00, 0x00, 0x00, 0x00,
        0x00, 0x00, 0x00, 0x00, 0x00, 0x00, 0x00, 0x00, 0x00, 0x00, 0x00, 0x00, 0x00, 0x00, 0x00, 0x00,
        0x00, 0x00, 0x00, 0x00, 0x00, 0x00, 0x00, 0x00, 0x00, 0x00, 0x00, 0x00, 0x00, 0x00, 0x00, 0x00,
        0x00, 0x00, 0x00, 0x00, 0x00, 0x00, 0x01, 0x11, 0x11, 0x11, 0x11, 0x11, 0x11, 0x11, 0x11, 0x11,
        0x11, 0x11, 0x11, 0x11, 0x11, 0x11, 0x11, 0x11, 0x00, 0x00, 0x00, 0x00, 0x00, 0x00, 0x00, 0x00,
        0x00, 0x00, 0x00, 0x00, 0x00, 0x01, 0x11, 0x11, 0x11, 0x22, 0x22, 0x22, 0x22, 0x22, 0x22, 0x22,
        0x22, 0x22, 0x22, 0x22, 0x22, 0x22, 0x22, 0x21, 0x11, 0x00, 0x00, 0x00, 0x00, 0x00, 0x00, 0x00,
        0x00, 0x00, 0x00, 0x00, 0x00, 0x11, 0x22, 0x22, 0x12, 0x33, 0x33, 0x33, 0x33, 0x33, 0x33, 0x32,
        0x22, 0x23, 0x33, 0x33, 0x33, 0x33, 0x33, 0x33, 0x21, 0x00, 0x00, 0x00, 0x00, 0x00, 0x00, 0x00,
        0x00, 0x00, 0x00, 0x00, 0x01, 0x12, 0x22, 0x22, 0x12, 0x33, 0x33, 0x33, 0x33, 0x33, 0x21, 0x11,
        0x11, 0x11, 0x12, 0x23, 0x33, 0x33, 0x33, 0x33, 0x32, 0x10, 0x00, 0x00, 0x00, 0x00, 0x00, 0x00,
        0x00, 0x00, 0x00, 0x00, 0x01, 0x22, 0x22, 0x22, 0x12, 0x33, 0x33, 0x33, 0x33, 0x21, 0x14, 0x55,
        0x58, 0x55, 0x42, 0x12, 0x43, 0x33, 0x33, 0x33, 0x32, 0x10, 0x00, 0x00, 0x00, 0x00, 0x00, 0x00,
        0x00, 0x00, 0x00, 0x00, 0x01, 0x22, 0x22, 0x22, 0x12, 0x33, 0x33, 0x33, 0x21, 0x14, 0xFF, 0xFF,
        0xFF, 0xFF, 0xFF, 0x41, 0x12, 0x33, 0x33, 0x33, 0x32, 0x10, 0x00, 0x00, 0x00, 0x00, 0x00, 0x00,
        0x00, 0x00, 0x00, 0x00, 0x01, 0x22, 0x22, 0x22, 0x12, 0x33, 0x33, 0x32, 0x11, 0x61, 0x4F, 0xFF,
        0xFF, 0xFF, 0xF4, 0x26, 0x11, 0x23, 0x33, 0x33, 0x32, 0x10, 0x00, 0x00, 0x00, 0x00, 0x00, 0x00,
        0x00, 0x00, 0x00, 0x00, 0x01, 0x22, 0x22, 0x22, 0x12, 0x33, 0x33, 0x31, 0x16, 0x76, 0x64, 0x8F,
        0xFF, 0xFF, 0x46, 0x67, 0x61, 0x12, 0x33, 0x33, 0x32, 0x11, 0x11, 0x10, 0x00, 0x00, 0x00, 0x00,
        0x00, 0x00, 0x00, 0x00, 0x01, 0x22, 0x22, 0x22, 0x12, 0x33, 0x33, 0x21, 0x16, 0x89, 0x76, 0x24,
        0x22, 0x22, 0x67, 0x98, 0x71, 0x21, 0x33, 0x33, 0x32, 0x19, 0x97, 0x10, 0x00, 0x00, 0x00, 0x00,
        0x00, 0x00, 0x00, 0x00, 0x01, 0x22, 0x22, 0x22, 0x12, 0x33, 0x32, 0x15, 0x27, 0x88, 0x97, 0x66,
        0x66, 0x66, 0x77, 0x88, 0x76, 0x51, 0x23, 0x33, 0x32, 0x19, 0x99, 0x10, 0x00, 0x00, 0x00, 0x00,
        0x00, 0x00, 0x00, 0x00, 0x01, 0x22, 0x22, 0x22, 0x12, 0x33, 0x32, 0x48, 0x27, 0x87, 0x77, 0x76,
        0x66, 0x67, 0x77, 0x78, 0x71, 0x84, 0x13, 0x33, 0x32, 0x19, 0x99, 0x10, 0x00, 0x00, 0x00, 0x00,
        0x00, 0x00, 0x00, 0x00, 0x01, 0x22, 0x22, 0x22, 0x12, 0x33, 0x31, 0x3F, 0x26, 0x77, 0x77, 0x76,
        0x66, 0x67, 0x77, 0x77, 0x62, 0xF5, 0x13, 0x33, 0x32, 0x19, 0x99, 0x10, 0x00, 0x00, 0x00, 0x00,
        0x00, 0x00, 0x00, 0x00, 0x01, 0x22, 0x22, 0x22, 0x12, 0x33, 0x21, 0x5F, 0x46, 0x77, 0x77, 0x76,
        0x77, 0x67, 0x77, 0x77, 0x62, 0xF5, 0x12, 0x33, 0x32, 0x19, 0x99, 0x10, 0x00, 0x00, 0x00, 0x00,
        0x00, 0x00, 0x00, 0x00, 0x01, 0x22, 0x22, 0x22, 0x12, 0x33, 0x21, 0x85, 0x17, 0x77, 0x66, 0x77,
        0x77, 0x77, 0x66, 0x77, 0x71, 0x5F, 0x12, 0x33, 0x32, 0x19, 0x99, 0x10, 0x00, 0x00, 0x00, 0x00,
        0x00, 0x00, 0x00, 0x00, 0x01, 0x22, 0x22, 0x22, 0x12, 0x33, 0x21, 0xF4, 0x67, 0x76, 0x11, 0x69,
        0x88, 0x97, 0x11, 0x67, 0x76, 0x4F, 0x12, 0x33, 0x32, 0x19, 0x99, 0x10, 0x00, 0x00, 0x00, 0x00,
        0x00, 0x00, 0x00, 0x00, 0x01, 0x22, 0x22, 0x22, 0x12, 0x33, 0x21, 0x54, 0x67, 0x77, 0x11, 0x7F,
        0x88, 0xF9, 0x11, 0x67, 0x76, 0x45, 0x12, 0x33, 0x32, 0x19, 0x99, 0x10, 0x00, 0x00, 0x00, 0x00,
        0x00, 0x00, 0x00, 0x00, 0x01, 0x22, 0x22, 0x22, 0x12, 0x33, 0x31, 0x54, 0x67, 0x88, 0x88, 0xFF,
        0x88, 0xFF, 0x88, 0x88, 0x76, 0x45, 0x14, 0x33, 0x32, 0x19, 0x99, 0x10, 0x00, 0x00, 0x00, 0x00,
        0x00, 0x00, 0x00, 0x00, 0x01, 0x22, 0x22, 0x22, 0x12, 0x33, 0x31, 0x44, 0x4F, 0xFF, 0xFF, 0xF4,
        0x44, 0x4F, 0xFF, 0xFF, 0xF4, 0x44, 0x13, 0x33, 0x32, 0x16, 0x66, 0x10, 0x00, 0x00, 0x00, 0x00,
        0x00, 0x00, 0x00, 0x00, 0x01, 0x22, 0x22, 0x22, 0x12, 0x33, 0x32, 0x15, 0x25, 0xFF, 0xFF, 0xF8,
        0x55, 0xFF, 0xFF, 0xFF, 0x52, 0x51, 0x23, 0x33, 0x32, 0x11, 0x11, 0x00, 0x00, 0x00, 0x00, 0x00,
        0x00, 0x00, 0x00, 0x00, 0x01, 0x22, 0x22, 0x22, 0x12, 0x33, 0x33, 0x14, 0x41, 0x44, 0x44, 0xFF,
        0xFF, 0xFF, 0x44, 0x44, 0x14, 0x41, 0x33, 0x33, 0x32, 0x10, 0x00, 0x00, 0x00, 0x00, 0x00, 0x00,
        0x00, 0x00, 0x00, 0x00, 0x01, 0x22, 0x22, 0x22, 0x12, 0x33, 0x33, 0x21, 0x16, 0x45, 0x84, 0x4F,
        0xFF, 0xF4, 0x48, 0x54, 0x61, 0x12, 0x33, 0x33, 0x32, 0x11, 0x11, 0x00, 0x00, 0x00, 0x00, 0x00,
        0x00, 0x00, 0x00, 0x00, 0x01, 0x22, 0x22, 0x22, 0x12, 0x33, 0x33, 0x32, 0x11, 0x58, 0x88, 0x48,
        0xFF, 0xF4, 0x88, 0x85, 0x11, 0x23, 0x33, 0x33, 0x32, 0x14, 0x34, 0x10, 0x00, 0x00, 0x00, 0x00,
        0x00, 0x00, 0x00, 0x00, 0x01, 0x22, 0x22, 0x22, 0x12, 0x33, 0x33, 0x33, 0x21, 0x48, 0x8F, 0x48,
        0xFF, 0xF4, 0xF8, 0x84, 0x12, 0x33, 0x33, 0x33, 0x32, 0x15, 0x55, 0x10, 0x00, 0x00, 0x00, 0x00,
        0x00, 0x00, 0x00, 0x00, 0x01, 0x22, 0x22, 0x22, 0x12, 0x33, 0x33, 0x33, 0x32, 0x11, 0x44, 0x45,
        0xFF, 0x54, 0x44, 0x11, 0x23, 0x33, 0x33, 0x33, 0x32, 0x15, 0x55, 0x10, 0x00, 0x00, 0x00, 0x00,
        0x00, 0x00, 0x00, 0x00, 0x01, 0x22, 0x22, 0x22, 0x12, 0x33, 0x33, 0x33, 0x33, 0x32, 0x21, 0x11,
        0x11, 0x11, 0x12, 0x23, 0x33, 0x33, 0x33, 0x33, 0x32, 0x15, 0x55, 0x10, 0x00, 0x00, 0x00, 0x00,
        0x00, 0x00, 0x00, 0x00, 0x01, 0x22, 0x22, 0x22, 0x12, 0x33, 0x32, 0x22, 0x22, 0x22, 0x22, 0x21,
        0x11, 0x12, 0x22, 0x22, 0x22, 0x22, 0x22, 0x33, 0x32, 0x15, 0x55, 0x10, 0x00, 0x00, 0x00, 0x00,
        0x00, 0x00, 0x00, 0x00, 0x01, 0x22, 0x22, 0x22, 0x12, 0x32, 0x12, 0x44, 0x44, 0x44, 0x44, 0x44,
        0x44, 0x44, 0x44, 0x44, 0x44, 0x44, 0x41, 0x23, 0x32, 0x15, 0x55, 0x10, 0x00, 0x00, 0x00, 0x00,
        0x00, 0x00, 0x00, 0x00, 0x01, 0x22, 0x22, 0x22, 0x12, 0x32, 0x4F, 0xFF, 0x55, 0x8F, 0xFF, 0xFF,
        0xFF, 0xFF, 0xFF, 0xFF, 0xFF, 0xFF, 0xF8, 0x22, 0x32, 0x15, 0x55, 0x10, 0x00, 0x00, 0x00, 0x00,
        0x00, 0x00, 0x00, 0x00, 0x01, 0x22, 0x22, 0x22, 0x12, 0x31, 0x5F, 0xF5, 0x22, 0x4F, 0xFF, 0x55,
        0x55, 0x55, 0x55, 0x55, 0x55, 0x5F, 0xFF, 0x42, 0x32, 0x15, 0x55, 0x10, 0x00, 0x00, 0x00, 0x00,
        0x00, 0x00, 0x00, 0x00, 0x01, 0x22, 0x22, 0x22, 0x12, 0x31, 0x5F, 0xF5, 0x22, 0x2F, 0xF5, 0x44,
        0x44, 0x44, 0x44, 0x44, 0x44, 0x45, 0xFF, 0x42, 0x32, 0x15, 0x55, 0x10, 0x00, 0x00, 0x00, 0x00,
        0x00, 0x00, 0x00, 0x00, 0x01, 0x22, 0x22, 0x22, 0x12, 0x31, 0x5F, 0xF4, 0x12, 0x15, 0xFF, 0x55,
        0x55, 0x55, 0x55, 0x55, 0x55, 0x5F, 0xFF, 0x42, 0x32, 0x15, 0x54, 0x10, 0x00, 0x00, 0x00, 0x00,
        0x00, 0x00, 0x00, 0x00, 0x01, 0x22, 0x22, 0x22, 0x12, 0x31, 0x5F, 0x52, 0x22, 0x22, 0xFF, 0x55,
        0x55, 0x55, 0x55, 0x55, 0xFF, 0xFF, 0xFF, 0x42, 0x32, 0x11, 0x11, 0x00, 0x00, 0x00, 0x00, 0x00,
        0x00, 0x00, 0x00, 0x00, 0x01, 0x22, 0x22, 0x22, 0x12, 0x31, 0x5F, 0x51, 0x22, 0x22, 0x8F, 0xFF,
        0xFF, 0xFF, 0xFF, 0xFF, 0xFF, 0xFF, 0xFF, 0x42, 0x32, 0x10, 0x00, 0x00, 0x00, 0x00, 0x00, 0x00,
        0x00, 0x00, 0x00, 0x00, 0x01, 0x22, 0x22, 0x22, 0x12, 0x31, 0x5F, 0xF5, 0x55, 0x55, 0xFF, 0xFF,
        0xFF, 0xFF, 0xFF, 0xFF, 0xFF, 0xFF, 0xFF, 0x42, 0x32, 0x11, 0x10, 0x00, 0x00, 0x00, 0x00, 0x00,
        0x00, 0x00, 0x00, 0x00, 0x01, 0x22, 0x22, 0x22, 0x12, 0x31, 0x5F, 0xFF, 0x42, 0x3F, 0xFF, 0xFF,
        0xFF, 0xFF, 0xFF, 0xFF, 0xFF, 0xFF, 0xFF, 0x42, 0x32, 0x11, 0x21, 0x10, 0x00, 0x00, 0x00, 0x00,
        0x00, 0x00, 0x00, 0x00, 0x01, 0x22, 0x22, 0x22, 0x12, 0x31, 0x5F, 0xF5, 0x22, 0x2F, 0xF5, 0x44,
        0x44, 0x44, 0x44, 0x44, 0x44, 0x45, 0xFF, 0x42, 0x32, 0x14, 0x44, 0x10, 0x00, 0x00, 0x00, 0x00,
        0x00, 0x00, 0x00, 0x00, 0x01, 0x22, 0x22, 0x22, 0x12, 0x31, 0x5F, 0xF5, 0x12, 0x18, 0xF5, 0x44,
        0x44, 0x44, 0x44, 0x44, 0x44, 0x45, 0xFF, 0x42, 0x32, 0x14, 0x44, 0x10, 0x00, 0x00, 0x00, 0x00,
        0x00, 0x00, 0x00, 0x00, 0x01, 0x22, 0x22, 0x22, 0x12, 0x31, 0x5F, 0xF2, 0x22, 0x24, 0xFF, 0x55,
        0x55, 0x55, 0x55, 0x55, 0xFF, 0xFF, 0xFF, 0x42, 0x32, 0x14, 0x44, 0x10, 0x00, 0x00, 0x00, 0x00,
        0x00, 0x00, 0x00, 0x00, 0x01, 0x22, 0x22, 0x22, 0x12, 0x31, 0x5F, 0x51, 0x22, 0x22, 0x8F, 0x55,
        0x55, 0x55, 0x55, 0x55, 0xFF, 0xFF, 0xFF, 0x42, 0x32, 0x14, 0x44, 0x10, 0x00, 0x00, 0x00, 0x00,
        0x00, 0x00, 0x00, 0x00, 0x01, 0x22, 0x22, 0x22, 0x12, 0x31, 0x5F, 0x54, 0x44, 0x44, 0xFF, 0xFF,
        0xFF, 0xFF, 0xFF, 0xFF, 0xFF, 0xFF, 0xFF, 0x42, 0x32, 0x14, 0x44, 0x10, 0x00, 0x00, 0x00, 0x00,
        0x00, 0x00, 0x00, 0x00, 0x01, 0x22, 0x22, 0x22, 0x12, 0x31, 0x5F, 0xFF, 0x54, 0x5F, 0xFF, 0xFF,
        0xFF, 0xFF, 0xFF, 0xFF, 0xFF, 0xFF, 0xFF, 0x42, 0x32, 0x14, 0x44, 0x10, 0x00, 0x00, 0x00, 0x00,
        0x00, 0x00, 0x00, 0x00, 0x01, 0x22, 0x22, 0x22, 0x12, 0x31, 0x5F, 0xF5, 0x22, 0x2F, 0xFF, 0x55,
        0x55, 0x55, 0x55, 0x55, 0x55, 0x55, 0xFF, 0x42, 0x32, 0x14, 0x44, 0x10, 0x00, 0x00, 0x00, 0x00,
        0x00, 0x00, 0x00, 0x00, 0x01, 0x22, 0x22, 0x22, 0x12, 0x31, 0x5F, 0xF5, 0x22, 0x2F, 0xF5, 0x44,
        0x44, 0x44, 0x44, 0x44, 0x44, 0x45, 0xFF, 0x42, 0x32, 0x14, 0x44, 0x10, 0x00, 0x00, 0x00, 0x00,
        0x00, 0x00, 0x00, 0x00, 0x01, 0x22, 0x22, 0x22, 0x12, 0x31, 0x5F, 0xF4, 0x12, 0x15, 0xFF, 0x55,
        0x55, 0x55, 0x55, 0x55, 0x55, 0x5F, 0xFF, 0x42, 0x32, 0x14, 0x44, 0x10, 0x00, 0x00, 0x00, 0x00,
        0x00, 0x00, 0x00, 0x00, 0x01, 0x22, 0x22, 0x22, 0x12, 0x31, 0x5F, 0x52, 0x22, 0x22, 0xFF, 0x55,
        0x55, 0x55, 0x55, 0x55, 0xFF, 0xFF, 0xFF, 0x42, 0x32, 0x11, 0x11, 0x10, 0x00, 0x00, 0x00, 0x00,
        0x00, 0x00, 0x00, 0x00, 0x01, 0x22, 0x22, 0x22, 0x12, 0x31, 0x5F, 0x51, 0x22, 0x22, 0xFF, 0xFF,
        0xFF, 0xFF, 0xFF, 0xFF, 0xFF, 0xFF, 0xFF, 0x42, 0x32, 0x11, 0x10, 0x00, 0x00, 0x00, 0x00, 0x00,
        0x00, 0x00, 0x00, 0x00, 0x01, 0x22, 0x22, 0x22, 0x12, 0x32, 0x4F, 0xF5, 0x55, 0x55, 0xFF, 0xFF,
        0xFF, 0xFF, 0xFF, 0xFF, 0xFF, 0xFF, 0xF5, 0x12, 0x32, 0x10, 0x00, 0x00, 0x00, 0x00, 0x00, 0x00,
        0x00, 0x00, 0x00, 0x00, 0x01, 0x22, 0x22, 0x22, 0x12, 0x33, 0x11, 0x44, 0x44, 0x44, 0x22, 0x22,
        0x22, 0x22, 0x22, 0x22, 0x22, 0x22, 0x21, 0x23, 0x32, 0x10, 0x00, 0x00, 0x00, 0x00, 0x00, 0x00,
        0x00, 0x00, 0x00, 0x00, 0x01, 0x12, 0x22, 0x22, 0x12, 0x33, 0x32, 0x22, 0x22, 0x22, 0x22, 0x22,
        0x22, 0x22, 0x22, 0x22, 0x22, 0x22, 0x22, 0x33, 0x32, 0x10, 0x00, 0x00, 0x00, 0x00, 0x00, 0x00,
        0x00, 0x00, 0x00, 0x00, 0x00, 0x11, 0x22, 0x22, 0x12, 0x33, 0x33, 0x33, 0x33, 0x33, 0x33, 0x33,
        0x33, 0x33, 0x33, 0x33, 0x33, 0x33, 0x33, 0x33, 0x21, 0x00, 0x00, 0x00, 0x00, 0x00, 0x00, 0x00,
        0x00, 0x00, 0x00, 0x00, 0x00, 0x01, 0x11, 0x11, 0x11, 0x22, 0x22, 0x22, 0x22, 0x22, 0x22, 0x22,
        0x22, 0x22, 0x22, 0x22, 0x22, 0x22, 0x22, 0x21, 0x11, 0x00, 0x00, 0x00, 0x00, 0x00, 0x00, 0x00,
        0x00, 0x00, 0x00, 0x00, 0x00, 0x00, 0x01, 0x11, 0x11, 0x11, 0x11, 0x11, 0x11, 0x11, 0x11, 0x11,
        0x11, 0x11, 0x11, 0x11, 0x11, 0x11, 0x11, 0x11, 0x00, 0x00, 0x00, 0x00, 0x00, 0x00, 0x00, 0x00,
        0x00, 0x00, 0x00, 0x00, 0x00, 0x00, 0x00, 0x00, 0x00, 0x00, 0x00, 0x00, 0x00, 0x00, 0x00, 0x00,
        0x00, 0x00, 0x00, 0x00, 0x00, 0x00, 0x00, 0x00, 0x00, 0x00, 0x00, 0x00, 0x00, 0x00, 0x00, 0x00,
        0x00, 0x00, 0x00, 0x00, 0x00, 0x00, 0x00, 0x00, 0x00, 0x00, 0x00, 0x00, 0x00, 0x00, 0x00, 0x00,
        0x00, 0x00, 0x00, 0x00, 0x00, 0x00, 0x00, 0x00, 0x00, 0x00, 0x00, 0x00, 0x00, 0x00, 0x00, 0x00,
        0x00, 0x00, 0x00, 0x00, 0x00, 0x00, 0x00, 0x00, 0x00, 0x00, 0x00, 0x00, 0x00, 0x00, 0x00, 0x00,
        0x00, 0x00, 0x00, 0x00, 0x00, 0x00, 0x00, 0x00, 0x00, 0x00, 0x00, 0x00, 0x00, 0x00, 0x00, 0x00,
        0x00, 0x00, 0x00, 0x00, 0x00, 0x00, 0x00, 0x00, 0x00, 0x00, 0x00, 0x00, 0x00, 0x00, 0x00, 0x00,
        0x00, 0x00, 0x00, 0x00, 0x00, 0x00, 0x00, 0x00, 0x00, 0x00, 0x00, 0x00, 0x00, 0x00, 0x00, 0x00,
        0x00, 0x00, 0x00, 0x00, 0x00, 0x00, 0x00, 0x00, 0x00, 0x00, 0x00, 0x00, 0x00, 0x00, 0x00, 0x00,
        0x00, 0x00, 0x00, 0x00, 0x00, 0x00, 0x00, 0x00, 0x00, 0x00, 0x00, 0x00, 0x00, 0x00, 0x00, 0x00,
        0x00, 0x00, 0x00, 0x00, 0x00, 0x00, 0x00, 0x00, 0x00, 0x00, 0x00, 0x00, 0x00, 0x00, 0x00, 0x00,
        0x00, 0x00, 0x00, 0x00, 0x00, 0x00, 0x00, 0x00, 0x00, 0x00, 0x00, 0x00, 0x00, 0x00, 0x00, 0x00,
    ],
};

/// `import-passphrase.png`, 64x64.
#[rustfmt::skip]
pub const IMPORT_PASSPHRASE: Indexed = Indexed {
    width: 64,
    height: 64,
    palette: PALETTE,
    pixels: &[
        0x00, 0x00, 0x00, 0x00, 0x00, 0x00, 0x00, 0x00, 0x00, 0x00, 0x00, 0x00, 0x00, 0x00, 0x00, 0x00,
        0x00, 0x00, 0x00, 0x00, 0x00, 0x00, 0x00, 0x00, 0x00, 0x00, 0x00, 0x00, 0x00, 0x00, 0x00, 0x00,
        0x00, 0x00, 0x00, 0x00, 0x00, 0x00, 0x00, 0x00, 0x00, 0x00, 0x00, 0x00, 0x00, 0x00, 0x00, 0x00,
        0x00, 0x00, 0x00, 0x00, 0x00, 0x00, 0x00, 0x00, 0x00, 0x00, 0x00, 0x00, 0x00, 0x00, 0x00, 0x00,
        0x00, 0x00, 0x00, 0x00, 0x00, 0x00, 0x00, 0x00, 0x00, 0x00, 0x00, 0x00, 0x00, 0x00, 0x00, 0x00,
        0x00, 0x00, 0x00, 0x00, 0x00, 0x00, 0x00, 0x00, 0x00, 0x00, 0x00, 0x00, 0x00, 0x00, 0x00, 0x00,
        0x00, 0x00, 0x00, 0x00, 0x00, 0x00, 0x00, 0x11, 0x00, 0x00, 0x00, 0x00, 0x00, 0x00, 0x00, 0x00,
        0x00, 0x00, 0x00, 0x00, 0x00, 0x00, 0x00, 0x00, 0x11, 0x00, 0x00, 0x00, 0x00, 0x00, 0x00, 0x00,
        0x00, 0x00, 0x00, 0x00, 0x00, 0x00, 0x01, 0x11, 0x11, 0x10, 0x00, 0x00, 0x00, 0x00, 0x00, 0x00,
        0x00, 0x00, 0x00, 0x00, 0x00, 0x00, 0x01, 0x11, 0x11, 0x10, 0x00, 0x00, 0x00, 0x00, 0x00, 0x00,
        0x00, 0x00, 0x00, 0x00, 0x00, 0x00, 0x16, 0x77, 0x66, 0x11, 0x10, 0x00, 0x00, 0x00, 0x00, 0x00,
        0x00, 0x00, 0x00, 0x00, 0x00, 0x01, 0x11, 0x66, 0x77, 0x61, 0x00, 0x00, 0x00, 0x00, 0x00, 0x00,
        0x00, 0x00, 0x00, 0x00, 0x00, 0x00, 0x16, 0x77, 0x77, 0x76, 0x11, 0x00, 0x00, 0x00, 0x00, 0x00,
        0x00, 0x00, 0x00, 0x00, 0x00, 0x11, 0x67, 0x77, 0x77, 0x61, 0x00, 0x00, 0x00, 0x00, 0x00, 0x00,
        0x00, 0x00, 0x00, 0x00, 0x00, 0x00, 0x16, 0x78, 0x97, 0x77, 0x61, 0x10, 0x00, 0x00, 0x00, 0x00,
        0x00, 0x00, 0x00, 0x00, 0x01, 0x16, 0x77, 0x79, 0x97, 0x61, 0x00, 0x00, 0x00, 0x00, 0x00, 0x00,
        0x00, 0x00, 0x00, 0x00, 0x00, 0x01, 0x17, 0x78, 0x88, 0x77, 0x77, 0x61, 0x00, 0x00, 0x00, 0x00,
        0x00, 0x00, 0x00, 0x00, 0x16, 0x77, 0x77, 0x88, 0x87, 0x71, 0x10, 0x00, 0x00, 0x00, 0x00, 0x00,
        0x00, 0x00, 0x00, 0x00, 0x00, 0x01, 0x17, 0x98, 0x88, 0x87, 0x77, 0x76, 0x10, 0x00, 0x11, 0x11,
        0x11, 0x11, 0x00, 0x01, 0x67, 0x77, 0x78, 0x88, 0x89, 0x71, 0x10, 0x00, 0x00, 0x00, 0x00, 0x00,
        0x00, 0x00, 0x00, 0x00, 0x00, 0x01, 0x17, 0x98, 0x88, 0x88, 0x77, 0x77, 0x61, 0x11, 0x11, 0x66,
        0x66, 0x11, 0x11, 0x16, 0x77, 0x77, 0x88, 0x88, 0x89, 0x71, 0x10, 0x00, 0x00, 0x00, 0x00, 0x00,
        0x00, 0x00, 0x00, 0x00, 0x00, 0x01, 0x17, 0x98, 0x88, 0x88, 0x87, 0x77, 0x66, 0x66, 0x66, 0x67,
        0x76, 0x66, 0x66, 0x66, 0x77, 0x78, 0x88, 0x88, 0x89, 0x71, 0x10, 0x00, 0x00, 0x00, 0x00, 0x00,
        0x00, 0x00, 0x00, 0x00, 0x00, 0x01, 0x17, 0x98, 0x88, 0x88, 0x87, 0x77, 0x77, 0x76, 0x66, 0x67,
        0x76, 0x66, 0x67, 0x77, 0x77, 0x78, 0x88, 0x88, 0x89, 0x71, 0x10, 0x00, 0x00, 0x00, 0x00, 0x00,
        0x00, 0x00, 0x00, 0x00, 0x00, 0x01, 0x17, 0x98, 0x88, 0x89, 0x77, 0x77, 0x77, 0x76, 0x66, 0x67,
        0x76, 0x66, 0x67, 0x77, 0x77, 0x77, 0x98, 0x88, 0x89, 0x71, 0x10, 0x00, 0x00, 0x00, 0x00, 0x00,
        0x00, 0x00, 0x00, 0x00, 0x00, 0x01, 0x17, 0x98, 0x88, 0x97, 0x77, 0x77, 0x77, 0x76, 0x66, 0x67,
        0x76, 0x66, 0x67, 0x77, 0x77, 0x77, 0x79, 0x88, 0x89, 0x61, 0x10, 0x00, 0x00, 0x00, 0x00, 0x00,
        0x00, 0x00, 0x00, 0x00, 0x00, 0x00, 0x16, 0x78, 0x89, 0x77, 0x77, 0x77, 0x77, 0x76, 0x66, 0x67,
        0x76, 0x66, 0x67, 0x77, 0x77, 0x77, 0x77, 0x98, 0x87, 0x61, 0x00, 0x00, 0x00, 0x00, 0x00, 0x00,
        0x00, 0x00, 0x00, 0x00, 0x00, 0x00, 0x16, 0x78, 0x87, 0x77, 0x77, 0x77, 0x77, 0x76, 0x66, 0x67,
        0x76, 0x66, 0x67, 0x77, 0x77, 0x77, 0x77, 0x78, 0x87, 0x61, 0x00, 0x00, 0x00, 0x00, 0x00, 0x00,
        0x00, 0x00, 0x00, 0x00, 0x00, 0x00, 0x16, 0x79, 0x77, 0x77, 0x77, 0x77, 0x77, 0x77, 0x66, 0x67,
        0x76, 0x66, 0x67, 0x77, 0x77, 0x77, 0x77, 0x77, 0x97, 0x11, 0x00, 0x00, 0x00, 0x00, 0x00, 0x00,
        0x00, 0x00, 0x00, 0x00, 0x00, 0x00, 0x01, 0x67, 0x77, 0x77, 0x77, 0x77, 0x77, 0x77, 0x66, 0x77,
        0x77, 0x66, 0x77, 0x77, 0x77, 0x77, 0x77, 0x77, 0x76, 0x10, 0x00, 0x00, 0x00, 0x00, 0x00, 0x00,
        0x00, 0x00, 0x00, 0x00, 0x00, 0x00, 0x01, 0x67, 0x77, 0x77, 0x77, 0x77, 0x77, 0x77, 0x77, 0x77,
        0x77, 0x77, 0x77, 0x77, 0x77, 0x77, 0x77, 0x77, 0x71, 0x10, 0x00, 0x00, 0x00, 0x00, 0x00, 0x00,
        0x00, 0x00, 0x00, 0x00, 0x00, 0x00, 0x01, 0x67, 0x77, 0x77, 0x77, 0x77, 0x77, 0x77, 0x77, 0x77,
        0x77, 0x77, 0x77, 0x77, 0x77, 0x77, 0x77, 0x77, 0x76, 0x10, 0x00, 0x00, 0x00, 0x00, 0x00, 0x00,
        0x00, 0x00, 0x00, 0x00, 0x00, 0x00, 0x01, 0x67, 0x77, 0x77, 0x77, 0x77, 0x77, 0x77, 0x77, 0x7F,
        0xF7, 0x77, 0x77, 0x77, 0x77, 0x77, 0x77, 0x77, 0x76, 0x10, 0x00, 0x00, 0x00, 0x00, 0x00, 0x00,
        0x00, 0x00, 0x00, 0x00, 0x00, 0x00, 0x11, 0x77, 0x77, 0x77, 0x76, 0x11, 0x67, 0x77, 0x77, 0x8F,
        0xF8, 0x77, 0x77, 0x76, 0x16, 0x67, 0x77, 0x77, 0x77, 0x11, 0x00, 0x00, 0x00, 0x00, 0x00, 0x00,
        0x00, 0x00, 0x00, 0x00, 0x00, 0x00, 0x16, 0x77, 0x77, 0x77, 0x71, 0x11, 0x16, 0x77, 0x78, 0xFF,
        0xFF, 0x87, 0x77, 0x61, 0x11, 0x67, 0x77, 0x77, 0x77, 0x61, 0x00, 0x00, 0x00, 0x00, 0x00, 0x00,
        0x00, 0x00, 0x00, 0x00, 0x00, 0x00, 0x16, 0x77, 0x77, 0x77, 0x61, 0x11, 0x16, 0x77, 0x8F, 0xFF,
        0xFF, 0xF8, 0x77, 0x61, 0x11, 0x17, 0x77, 0x77, 0x77, 0x61, 0x00, 0x00, 0x00, 0x00, 0x00, 0x00,
        0x00, 0x00, 0x00, 0x00, 0x00, 0x00, 0x16, 0x77, 0x77, 0x77, 0x76, 0x11, 0x16, 0x98, 0xF5, 0x44,
        0x44, 0x5F, 0x89, 0x61, 0x11, 0x67, 0x77, 0x77, 0x77, 0x61, 0x00, 0x00, 0x00, 0x00, 0x00, 0x00,
        0x00, 0x00, 0x00, 0x00, 0x00, 0x01, 0x17, 0x88, 0xFF, 0x88, 0x97, 0x66, 0x78, 0xFF, 0xF3, 0x48,
        0x84, 0x5F, 0xFF, 0x87, 0x46, 0x79, 0x88, 0xFF, 0x88, 0x71, 0x00, 0x00, 0x00, 0x00, 0x00, 0x00,
        0x00, 0x00, 0x00, 0x00, 0x00, 0x01, 0x18, 0xFF, 0xFF, 0xFF, 0xFF, 0xFF, 0xFF, 0xFF, 0xFF, 0x44,
        0x44, 0xFF, 0xFF, 0xFF, 0xFF, 0xFF, 0xFF, 0xFF, 0xFF, 0x81, 0x00, 0x00, 0x00, 0x00, 0x00, 0x00,
        0x00, 0x00, 0x00, 0x00, 0x00, 0x01, 0x2F, 0xFF, 0xFF, 0xFF, 0xFF, 0xFF, 0xFF, 0xFF, 0xFF, 0x82,
        0x28, 0xFF, 0xFF, 0xFF, 0xF5, 0x55, 0x55, 0xFF, 0xFF, 0xF1, 0x00, 0x00, 0x00, 0x00, 0x00, 0x00,
        0x00, 0x00, 0x00, 0x00, 0x00, 0x00, 0x18, 0xFF, 0xFF, 0xFF, 0xFF, 0xFF, 0xFF, 0xF4, 0x48, 0x51,
        0x15, 0x52, 0x5F, 0xF8, 0x21, 0x11, 0x11, 0x15, 0xFF, 0x51, 0x00, 0x00, 0x00, 0x00, 0x00, 0x00,
        0x00, 0x00, 0x00, 0x00, 0x00, 0x00, 0x15, 0xFF, 0xFF, 0xFF, 0xFF, 0xFF, 0xFF, 0xF5, 0x21, 0x14,
        0x41, 0x14, 0xFF, 0xF5, 0x12, 0x33, 0x32, 0x14, 0xFF, 0x41, 0x00, 0x00, 0x00, 0x00, 0x00, 0x00,
        0x00, 0x00, 0x00, 0x00, 0x00, 0x00, 0x12, 0xFF, 0xFF, 0xFF, 0xFF, 0xFF, 0xFF, 0xFF, 0xF5, 0x5F,
        0xF5, 0x5F, 0xFF, 0xF5, 0x13, 0x33, 0x33, 0x14, 0xF5, 0x10, 0x00, 0x00, 0x00, 0x00, 0x00, 0x00,
        0x00, 0x00, 0x00, 0x00, 0x00, 0x00, 0x01, 0x4F, 0xFF, 0xFF, 0xFF, 0xFF, 0xFF, 0xFF, 0xFF, 0xFF,
        0xFF, 0xFF, 0xFF, 0xF5, 0x13, 0x33, 0x33, 0x14, 0x51, 0x10, 0x00, 0x00, 0x00, 0x00, 0x00, 0x00,
        0x00, 0x00, 0x00, 0x00, 0x00, 0x00, 0x00, 0x14, 0x5F, 0xFF, 0xFF, 0xFF, 0xFF, 0xFF, 0xFF, 0xFF,
        0xFF, 0xFF, 0xFF, 0xF5, 0x13, 0x33, 0x33, 0x12, 0x11, 0x00, 0x00, 0x00, 0x00, 0x00, 0x00, 0x00,
        0x00, 0x00, 0x00, 0x00, 0x00, 0x00, 0x00, 0x01, 0x14, 0xFF, 0xFF, 0xFF, 0xFF, 0xFF, 0xFF, 0xFF,
        0xFF, 0xFF, 0xFF, 0xF5, 0x13, 0x33, 0x33, 0x11, 0x10, 0x00, 0x00, 0x00, 0x00, 0x00, 0x00, 0x00,
        0x00, 0x00, 0x00, 0x00, 0x00, 0x00, 0x00, 0x01, 0x11, 0x15, 0x8F, 0xFF, 0xFF, 0xFF, 0xFF, 0xFF,
        0xFF, 0xFF, 0xFF, 0xF4, 0x13, 0x33, 0x33, 0x11, 0x11, 0x00, 0x00, 0x00, 0x00, 0x00, 0x00, 0x00,
        0x00, 0x00, 0x00, 0x00, 0x00, 0x00, 0x00, 0x11, 0x66, 0x66, 0x79, 0x88, 0xFF, 0xFF, 0xFF, 0xFF,
        0xFF, 0xFF, 0x52, 0x11, 0x13, 0x33, 0x33, 0x21, 0x11, 0x10, 0x00, 0x00, 0x00, 0x00, 0x00, 0x00,
        0x00, 0x00, 0x00, 0x00, 0x00, 0x00, 0x01, 0x67, 0x77, 0x77, 0x77, 0x79, 0xFF, 0xFF, 0xFF, 0xFF,
        0xFF, 0xFF, 0x12, 0x22, 0x23, 0x33, 0x33, 0x22, 0x22, 0x11, 0x00, 0x00, 0x00, 0x00, 0x00, 0x00,
        0x00, 0x00, 0x00, 0x00, 0x00, 0x00, 0x16, 0x77, 0x76, 0x66, 0x66, 0x64, 0x44, 0x44, 0x44, 0x44,
        0x44, 0x44, 0x11, 0x33, 0x33, 0x33, 0x33, 0x33, 0x32, 0x11, 0x00, 0x00, 0x00, 0x00, 0x00, 0x00,
        0x00, 0x00, 0x00, 0x00, 0x00, 0x01, 0x17, 0x77, 0x71, 0x24, 0x44, 0x44, 0x44, 0x44, 0x44, 0x44,
        0x44, 0x44, 0x41, 0x13, 0x33, 0x33, 0x33, 0x33, 0x21, 0x66, 0x10, 0x00, 0x00, 0x00, 0x00, 0x00,
        0x00, 0x00, 0x00, 0x00, 0x00, 0x11, 0x67, 0x77, 0x61, 0xFF, 0xFF, 0xFF, 0xFF, 0xFF, 0xFF, 0xFF,
        0xFF, 0xFF, 0xF5, 0x11, 0x33, 0x33, 0x33, 0x32, 0x16, 0x77, 0x11, 0x00, 0x00, 0x00, 0x00, 0x00,
        0x00, 0x00, 0x00, 0x00, 0x00, 0x16, 0x76, 0x61, 0x11, 0x5F, 0xFF, 0xFF, 0xFF, 0xFF, 0xFF, 0xFF,
        0xFF, 0xFF, 0xFF, 0x51, 0x23, 0x33, 0x33, 0x21, 0x11, 0x66, 0x61, 0x00, 0x00, 0x00, 0x00, 0x00,
        0x00, 0x00, 0x00, 0x00, 0x01, 0x16, 0x14, 0x35, 0x54, 0x24, 0xFF, 0xFF, 0xFF, 0xFF, 0xFF, 0xFF,
        0xFF, 0xFF, 0xFF, 0xF5, 0x12, 0x33, 0x32, 0x45, 0x55, 0x41, 0x61, 0x10, 0x00, 0x00, 0x00, 0x00,
        0x00, 0x00, 0x00, 0x00, 0x01, 0x61, 0x4F, 0xFF, 0xFF, 0x51, 0x5F, 0xF4, 0x22, 0x22, 0x22, 0x22,
        0x22, 0x22, 0x22, 0x4F, 0x51, 0x23, 0x24, 0xFF, 0xFF, 0xF5, 0x11, 0x10, 0x00, 0x00, 0x00, 0x00,
        0x00, 0x00, 0x00, 0x00, 0x01, 0x14, 0xFF, 0x88, 0xFF, 0xF4, 0x4F, 0xF4, 0x11, 0x11, 0x11, 0x11,
        0x11, 0x11, 0x11, 0x4F, 0xF5, 0x12, 0x18, 0xFF, 0x88, 0xFF, 0x56, 0x10, 0x00, 0x00, 0x00, 0x00,
        0x00, 0x00, 0x00, 0x00, 0x01, 0x78, 0x88, 0xF8, 0xF8, 0xF5, 0x2F, 0xFF, 0xFF, 0xFF, 0xFF, 0xFF,
        0xFF, 0xFF, 0xFF, 0xFF, 0xFF, 0x51, 0x4F, 0x8F, 0x8F, 0x88, 0xF7, 0x11, 0x00, 0x00, 0x00, 0x00,
        0x00, 0x00, 0x00, 0x00, 0x11, 0x7F, 0x88, 0x88, 0xF8, 0xF5, 0x2F, 0xF8, 0x55, 0x55, 0x55, 0x55,
        0x55, 0x55, 0x55, 0x55, 0x8F, 0xF4, 0x4F, 0x8F, 0x88, 0x88, 0xF9, 0x61, 0x00, 0x00, 0x00, 0x00,
        0x00, 0x00, 0x00, 0x00, 0x16, 0x7F, 0xF8, 0x88, 0x8F, 0xF5, 0x4F, 0xF2, 0x11, 0x11, 0x11, 0x11,
        0x11, 0x11, 0x11, 0x11, 0x2F, 0xF4, 0x4F, 0xF8, 0x88, 0x8F, 0xF9, 0x61, 0x00, 0x00, 0x00, 0x00,
        0x00, 0x00, 0x00, 0x00, 0x11, 0x78, 0xF8, 0x88, 0x8F, 0xF4, 0x4F, 0xF5, 0x44, 0x44, 0x44, 0x44,
        0x44, 0x44, 0x44, 0x44, 0x5F, 0xF5, 0x2F, 0xF8, 0x88, 0x8F, 0xF7, 0x11, 0x00, 0x00, 0x00, 0x00,
        0x00, 0x00, 0x00, 0x00, 0x01, 0x68, 0xF8, 0x88, 0xFF, 0x44, 0xFF, 0xFF, 0xFF, 0xFF, 0xFF, 0xFF,
        0xFF, 0xFF, 0xFF, 0xFF, 0xFF, 0xFF, 0x44, 0x8F, 0x88, 0x8F, 0x86, 0x10, 0x00, 0x00, 0x00, 0x00,
        0x00, 0x00, 0x00, 0x00, 0x01, 0x17, 0x8F, 0xF8, 0x52, 0x48, 0xFF, 0xF4, 0x44, 0x44, 0x44, 0x44,
        0x44, 0x44, 0x44, 0x48, 0xFF, 0xFF, 0xF4, 0x14, 0x8F, 0xF8, 0x71, 0x10, 0x00, 0x00, 0x00, 0x00,
        0x00, 0x00, 0x00, 0x00, 0x00, 0x11, 0x14, 0x21, 0x11, 0xFF, 0xFF, 0xF4, 0x11, 0x11, 0x11, 0x11,
        0x11, 0x11, 0x11, 0x15, 0xFF, 0xFF, 0xFF, 0x21, 0x12, 0x41, 0x11, 0x00, 0x00, 0x00, 0x00, 0x00,
        0x00, 0x00, 0x00, 0x00, 0x00, 0x00, 0x00, 0x00, 0x02, 0xFF, 0xFF, 0xFF, 0x55, 0x55, 0x55, 0x55,
        0x55, 0x55, 0x55, 0x8F, 0xFF, 0xFF, 0xFF, 0x20, 0x00, 0x00, 0x00, 0x00, 0x00, 0x00, 0x00, 0x00,
        0x00, 0x00, 0x00, 0x00, 0x00, 0x00, 0x00, 0x00, 0x02, 0xFF, 0xFF, 0xFF, 0xFF, 0xFF, 0xFF, 0xFF,
        0xFF, 0xFF, 0xFF, 0xFF, 0xFF, 0xFF, 0xFF, 0x20, 0x00, 0x00, 0x00, 0x00, 0x00, 0x00, 0x00, 0x00,
        0x00, 0x00, 0x00, 0x00, 0x00, 0x00, 0x00, 0x00, 0x01, 0xFF, 0xFF, 0xFF, 0xFF, 0xFF, 0xFF, 0xFF,
        0xFF, 0xFF, 0xFF, 0xFF, 0xFF, 0xFF, 0xFF, 0x10, 0x00, 0x00, 0x00, 0x00, 0x00, 0x00, 0x00, 0x00,
        0x00, 0x00, 0x00, 0x00, 0x00, 0x00, 0x00, 0x00, 0x01, 0x24, 0x44, 0x44, 0x44, 0x44, 0x44, 0x44,
        0x44, 0x44, 0x44, 0x44, 0x44, 0x44, 0x44, 0x10, 0x00, 0x00, 0x00, 0x00, 0x00, 0x00, 0x00, 0x00,
        0x00, 0x00, 0x00, 0x00, 0x00, 0x00, 0x00, 0x00, 0x00, 0x01, 0x11, 0x11, 0x11, 0x11, 0x11, 0x11,
        0x11, 0x11, 0x11, 0x11, 0x11, 0x11, 0x10, 0x00, 0x00, 0x00, 0x00, 0x00, 0x00, 0x00, 0x00, 0x00,
        0x00, 0x00, 0x00, 0x00, 0x00, 0x00, 0x00, 0x00, 0x00, 0x00, 0x00, 0x00, 0x00, 0x00, 0x00, 0x00,
        0x00, 0x00, 0x00, 0x00, 0x00, 0x00, 0x00, 0x00, 0x00, 0x00, 0x00, 0x00, 0x00, 0x00, 0x00, 0x00,
        0x00, 0x00, 0x00, 0x00, 0x00, 0x00, 0x00, 0x00, 0x00, 0x00, 0x00, 0x00, 0x00, 0x00, 0x00, 0x00,
        0x00, 0x00, 0x00, 0x00, 0x00, 0x00, 0x00, 0x00, 0x00, 0x00, 0x00, 0x00, 0x00, 0x00, 0x00, 0x00,
        0x00, 0x00, 0x00, 0x00, 0x00, 0x00, 0x00, 0x00, 0x00, 0x00, 0x00, 0x00, 0x00, 0x00, 0x00, 0x00,
        0x00, 0x00, 0x00, 0x00, 0x00, 0x00, 0x00, 0x00, 0x00, 0x00, 0x00, 0x00, 0x00, 0x00, 0x00, 0x00,
        0x00, 0x00, 0x00, 0x00, 0x00, 0x00, 0x00, 0x00, 0x00, 0x00, 0x00, 0x00, 0x00, 0x00, 0x00, 0x00,
        0x00, 0x00, 0x00, 0x00, 0x00, 0x00, 0x00, 0x00, 0x00, 0x00, 0x00, 0x00, 0x00, 0x00, 0x00, 0x00,
        0x00, 0x00, 0x00, 0x00, 0x00, 0x00, 0x00, 0x00, 0x00, 0x00, 0x00, 0x00, 0x00, 0x00, 0x00, 0x00,
        0x00, 0x00, 0x00, 0x00, 0x00, 0x00, 0x00, 0x00, 0x00, 0x00, 0x00, 0x00, 0x00, 0x00, 0x00, 0x00,
        0x00, 0x00, 0x00, 0x00, 0x00, 0x00, 0x00, 0x00, 0x00, 0x00, 0x00, 0x00, 0x00, 0x00, 0x00, 0x00,
        0x00, 0x00, 0x00, 0x00, 0x00, 0x00, 0x00, 0x00, 0x00, 0x00, 0x00, 0x00, 0x00, 0x00, 0x00, 0x00,
        0x00, 0x00, 0x00, 0x00, 0x00, 0x00, 0x00, 0x00, 0x00, 0x00, 0x00, 0x00, 0x00, 0x00, 0x00, 0x00,
        0x00, 0x00, 0x00, 0x00, 0x00, 0x00, 0x00, 0x00, 0x00, 0x00, 0x00, 0x00, 0x00, 0x00, 0x00, 0x00,
    ],
};

/// `logout.png`, 64x64.
#[rustfmt::skip]
pub const LOGOUT: Indexed = Indexed {
    width: 64,
    height: 64,
    palette: PALETTE,
    pixels: &[
        0x00, 0x00, 0x00, 0x00, 0x00, 0x00, 0x00, 0x00, 0x00, 0x00, 0x00, 0x00, 0x00, 0x00, 0x00, 0x00,
        0x00, 0x00, 0x00, 0x00, 0x00, 0x00, 0x00, 0x00, 0x00, 0x00, 0x00, 0x00, 0x00, 0x00, 0x00, 0x00,
        0x00, 0x00, 0x00, 0x00, 0x00, 0x00, 0x00, 0x00, 0x00, 0x00, 0x00, 0x00, 0x00, 0x00, 0x00, 0x00,
        0x00, 0x00, 0x00, 0x00, 0x00, 0x00, 0x00, 0x00, 0x00, 0x00, 0x00, 0x00, 0x00, 0x00, 0x00, 0x00,
        0x00, 0x00, 0x00, 0x00, 0x00, 0x00, 0x00, 0x00, 0x00, 0x00, 0x00, 0x00, 0x00, 0x00, 0x00, 0x00,
        0x00, 0x00, 0x00, 0x00, 0x00, 0x00, 0x00, 0x00, 0x00, 0x00, 0x00, 0x00, 0x00, 0x00, 0x00, 0x00,
        0x00, 0x00, 0x00, 0x00, 0x00, 0x00, 0x00, 0x00, 0x00, 0x00, 0x00, 0x00, 0x00, 0x00, 0x00, 0x00,
        0x00, 0x00, 0x00, 0x00, 0x00, 0x00, 0x00, 0x00, 0x00, 0x00, 0x00, 0x00, 0x00, 0x00, 0x00, 0x00,
        0x00, 0x00, 0x00, 0x01, 0x11, 0x00, 0x00, 0x00, 0x00, 0x00, 0x00, 0x00, 0x00, 0x00, 0x00, 0x00,
        0x00, 0x00, 0x00, 0x00, 0x00, 0x00, 0x00, 0x00, 0x00, 0x00, 0x00, 0x00, 0x00, 0x00, 0x00, 0x00,
        0x00, 0x00, 0x00, 0x11, 0x11, 0x10, 0x00, 0x00, 0x00, 0x00, 0x00, 0x00, 0x00, 0x00, 0x00, 0x00,
        0x00, 0x00, 0x00, 0x00, 0x00, 0x00, 0x00, 0x00, 0x00, 0x00, 0x00, 0x00, 0x00, 0x00, 0x00, 0x00,
        0x00, 0x00, 0x00, 0x11, 0x22, 0x21, 0x10, 0x00, 0x00, 0x00, 0x00, 0x00, 0x00, 0x00, 0x00, 0x00,
        0x00, 0x00, 0x00, 0x00, 0x00, 0x00, 0x00, 0x00, 0x00, 0x00, 0x00, 0x00, 0x00, 0x00, 0x00, 0x00,
        0x00, 0x00, 0x00, 0x11, 0x23, 0x32, 0x11, 0x10, 0x00, 0x00, 0x00, 0x00, 0x00, 0x00, 0x00, 0x00,
        0x00, 0x00, 0x00, 0x00, 0x00, 0x00, 0x00, 0x00, 0x00, 0x00, 0x00, 0x00, 0x00, 0x00, 0x00, 0x00,
        0x00, 0x00, 0x00, 0x11, 0x23, 0x33, 0x32, 0x11, 0x10, 0x00, 0x00, 0x00, 0x00, 0x00, 0x00, 0x00,
        0x00, 0x00, 0x00, 0x00, 0x00, 0x00, 0x00, 0x00, 0x00, 0x00, 0x00, 0x00, 0x00, 0x00, 0x00, 0x00,
        0x00, 0x00, 0x00, 0x11, 0x23, 0x33, 0x33, 0x32, 0x11, 0x11, 0x11, 0x11, 0x11, 0x11, 0x11, 0x11,
        0x11, 0x11, 0x11, 0x11, 0x00, 0x00, 0x00, 0x00, 0x00, 0x00, 0x00, 0x00, 0x00, 0x00, 0x00, 0x00,
        0x00, 0x00, 0x00, 0x11, 0x23, 0x33, 0x33, 0x33, 0x21, 0x12, 0x33, 0x33, 0x33, 0x33, 0x33, 0x33,
        0x33, 0x33, 0x33, 0x21, 0x00, 0x00, 0x00, 0x00, 0x00, 0x00, 0x00, 0x00, 0x00, 0x00, 0x00, 0x00,
        0x00, 0x00, 0x00, 0x11, 0x23, 0x33, 0x33, 0x33, 0x33, 0x11, 0x22, 0x22, 0x22, 0x22, 0x22, 0x22,
        0x22, 0x22, 0x23, 0x21, 0x00, 0x00, 0x00, 0x00, 0x00, 0x00, 0x00, 0x00, 0x00, 0x00, 0x00, 0x00,
        0x00, 0x00, 0x00, 0x11, 0x23, 0x33, 0x33, 0x33, 0x33, 0x11, 0x11, 0x11, 0x11, 0x11, 0x11, 0x11,
        0x11, 0x11, 0x23, 0x21, 0x00, 0x00, 0x00, 0x00, 0x00, 0x00, 0x00, 0x00, 0x00, 0x00, 0x00, 0x00,
        0x00, 0x00, 0x00, 0x11, 0x23, 0x33, 0x33, 0x33, 0x33, 0x12, 0x22, 0x22, 0x22, 0x22, 0x22, 0x22,
        0x22, 0x21, 0x22, 0x11, 0x00, 0x00, 0x00, 0x00, 0x10, 0x00, 0x00, 0x00, 0x00, 0x00, 0x00, 0x00,
        0x00, 0x00, 0x00, 0x11, 0x23, 0x33, 0x33, 0x33, 0x33, 0x12, 0x22, 0x22, 0x22, 0x22, 0x22, 0x22,
        0x22, 0x21, 0x11, 0x66, 0x10, 0x00, 0x00, 0x11, 0x11, 0x00, 0x00, 0x00, 0x00, 0x00, 0x00, 0x00,
        0x00, 0x00, 0x00, 0x11, 0x23, 0x33, 0x33, 0x33, 0x33, 0x12, 0x22, 0x22, 0x22, 0x22, 0x22, 0x22,
        0x22, 0x21, 0x16, 0x77, 0x61, 0x00, 0x01, 0x16, 0x61, 0x00, 0x00, 0x00, 0x00, 0x00, 0x00, 0x00,
        0x00, 0x00, 0x00, 0x11, 0x23, 0x33, 0x33, 0x33, 0x33, 0x12, 0x21, 0x11, 0x11, 0x12, 0x22, 0x22,
        0x22, 0x21, 0x17, 0x98, 0x61, 0x00, 0x16, 0x79, 0x91, 0x00, 0x00, 0x00, 0x00, 0x00, 0x00, 0x00,
        0x00, 0x00, 0x00, 0x11, 0x23, 0x33, 0x33, 0x33, 0x33, 0x12, 0x21, 0x67, 0x76, 0x11, 0x22, 0x22,
        0x22, 0x21, 0x67, 0x88, 0x76, 0x11, 0x16, 0x78, 0x86, 0x00, 0x00, 0x00, 0x00, 0x00, 0x00, 0x00,
        0x00, 0x00, 0x00, 0x11, 0x23, 0x33, 0x33, 0x33, 0x33, 0x12, 0x16, 0x77, 0x77, 0x71, 0x12, 0x22,
        0x22, 0x16, 0x79, 0x88, 0x96, 0x11, 0x11, 0x24, 0x86, 0x10, 0x00, 0x00, 0x00, 0x00, 0x00, 0x00,
        0x00, 0x00, 0x00, 0x11, 0x23, 0x33, 0x33, 0x33, 0x33, 0x12, 0x16, 0x77, 0x77, 0x76, 0x12, 0x22,
        0x22, 0x16, 0x78, 0x88, 0x97, 0x76, 0x66, 0x61, 0x66, 0x10, 0x00, 0x00, 0x00, 0x00, 0x00, 0x00,
        0x00, 0x00, 0x00, 0x11, 0x23, 0x33, 0x33, 0x33, 0x33, 0x12, 0x21, 0x67, 0x77, 0x77, 0x61, 0x22,
        0x22, 0x17, 0x78, 0x87, 0x77, 0x77, 0x66, 0x66, 0x11, 0x10, 0x00, 0x00, 0x00, 0x00, 0x00, 0x00,
        0x00, 0x00, 0x00, 0x11, 0x23, 0x33, 0x33, 0x33, 0x33, 0x12, 0x22, 0x16, 0x77, 0x76, 0x61, 0x22,
        0x21, 0x67, 0x79, 0x77, 0x77, 0x77, 0x76, 0x66, 0x61, 0x10, 0x00, 0x00, 0x00, 0x00, 0x00, 0x00,
        0x00, 0x00, 0x00, 0x11, 0x23, 0x33, 0x33, 0x33, 0x33, 0x12, 0x22, 0x21, 0x66, 0x66, 0x61, 0x22,
        0x21, 0x67, 0x77, 0x77, 0x77, 0x77, 0x76, 0x66, 0x66, 0x10, 0x00, 0x00, 0x00, 0x00, 0x00, 0x00,
        0x00, 0x00, 0x00, 0x11, 0x23, 0x33, 0x33, 0x33, 0x33, 0x12, 0x22, 0x22, 0x16, 0x66, 0x61, 0x22,
        0x16, 0x77, 0x77, 0x77, 0x77, 0x77, 0x77, 0x77, 0x77, 0x61, 0x00, 0x00, 0x00, 0x00, 0x00, 0x00,
        0x00, 0x00, 0x00, 0x11, 0x23, 0x33, 0x33, 0x33, 0x33, 0x12, 0x22, 0x22, 0x16, 0x67, 0x61, 0x22,
        0x16, 0x77, 0x77, 0x77, 0x77, 0x77, 0x77, 0x77, 0x77, 0x61, 0x00, 0x00, 0x00, 0x00, 0x00, 0x00,
        0x00, 0x00, 0x00, 0x11, 0x23, 0x33, 0x33, 0x33, 0x33, 0x12, 0x22, 0x22, 0x17, 0x77, 0x61, 0x22,
        0x17, 0x77, 0x77, 0x77, 0x77, 0x77, 0x76, 0x16, 0x77, 0x81, 0x00, 0x00, 0x00, 0x00, 0x00, 0x00,
        0x00, 0x00, 0x00, 0x11, 0x23, 0x33, 0x33, 0x33, 0x33, 0x12, 0x22, 0x21, 0x66, 0x66, 0x61, 0x21,
        0x17, 0x77, 0x77, 0x77, 0x77, 0x77, 0x76, 0x11, 0x69, 0xF1, 0x00, 0x00, 0x00, 0x00, 0x00, 0x00,
        0x00, 0x00, 0x00, 0x11, 0x23, 0x33, 0x22, 0x33, 0x33, 0x12, 0x22, 0x21, 0x66, 0x66, 0x11, 0x21,
        0x67, 0x77, 0x77, 0x77, 0x77, 0x77, 0x76, 0x16, 0x7F, 0xF4, 0x10, 0x00, 0x00, 0x00, 0x00, 0x00,
        0x00, 0x00, 0x00, 0x11, 0x23, 0x32, 0x11, 0x23, 0x33, 0x12, 0x22, 0x11, 0x66, 0x66, 0x12, 0x21,
        0x67, 0x77, 0x77, 0x77, 0x77, 0x77, 0x77, 0x79, 0x8F, 0xF8, 0x20, 0x00, 0x00, 0x00, 0x00, 0x00,
        0x00, 0x00, 0x00, 0x11, 0x23, 0x21, 0x44, 0x12, 0x33, 0x12, 0x22, 0x16, 0x77, 0x76, 0x12, 0x21,
        0x67, 0x77, 0x77, 0x77, 0x77, 0x88, 0xFF, 0xFF, 0xF5, 0xF4, 0x10, 0x00, 0x00, 0x00, 0x00, 0x00,
        0x00, 0x00, 0x00, 0x11, 0x23, 0x22, 0x55, 0x22, 0x33, 0x12, 0x22, 0x17, 0x77, 0x61, 0x22, 0x22,
        0x16, 0x99, 0x99, 0x99, 0x8F, 0xFF, 0xFF, 0xFF, 0xF4, 0x41, 0x00, 0x00, 0x00, 0x00, 0x00, 0x00,
        0x00, 0x00, 0x00, 0x11, 0x23, 0x22, 0x55, 0x12, 0x33, 0x12, 0x21, 0x67, 0x77, 0x61, 0x21, 0x11,
        0x11, 0x4F, 0xFF, 0xFF, 0xFF, 0xFF, 0xFF, 0xFF, 0xF8, 0x21, 0x00, 0x00, 0x00, 0x00, 0x00, 0x00,
        0x00, 0x00, 0x00, 0x11, 0x23, 0x21, 0x22, 0x13, 0x33, 0x12, 0x21, 0x67, 0x77, 0x11, 0x16, 0x66,
        0x76, 0x14, 0x8F, 0xFF, 0xFF, 0xFF, 0xFF, 0xFF, 0x54, 0x10, 0x00, 0x00, 0x00, 0x00, 0x00, 0x00,
        0x00, 0x00, 0x00, 0x11, 0x23, 0x32, 0x22, 0x23, 0x33, 0x12, 0x22, 0x17, 0x76, 0x16, 0x67, 0x77,
        0x77, 0x76, 0x79, 0xFF, 0xFF, 0xFF, 0xF8, 0x54, 0x11, 0x00, 0x00, 0x00, 0x00, 0x00, 0x00, 0x00,
        0x00, 0x00, 0x00, 0x11, 0x23, 0x33, 0x33, 0x33, 0x33, 0x12, 0x22, 0x16, 0x71, 0x67, 0x77, 0x77,
        0x77, 0x77, 0x77, 0x8F, 0xFF, 0xF4, 0x21, 0x10, 0x00, 0x00, 0x00, 0x00, 0x00, 0x00, 0x00, 0x00,
        0x00, 0x00, 0x00, 0x11, 0x23, 0x33, 0x33, 0x33, 0x33, 0x12, 0x22, 0x11, 0x61, 0x77, 0x77, 0x77,
        0x77, 0x77, 0x77, 0x7F, 0xFF, 0xF4, 0x10, 0x00, 0x00, 0x00, 0x00, 0x00, 0x00, 0x00, 0x00, 0x00,
        0x00, 0x00, 0x00, 0x11, 0x23, 0x33, 0x33, 0x33, 0x33, 0x12, 0x22, 0x21, 0x16, 0x77, 0x77, 0x77,
        0x77, 0x77, 0x77, 0x78, 0xFF, 0xF4, 0x10, 0x00, 0x00, 0x00, 0x00, 0x00, 0x00, 0x00, 0x00, 0x00,
        0x00, 0x00, 0x00, 0x11, 0x23, 0x33, 0x33, 0x33, 0x33, 0x12, 0x22, 0x22, 0x17, 0x77, 0x77, 0x77,
        0x77, 0x77, 0x77, 0x78, 0xFF, 0xF4, 0x66, 0x11, 0x00, 0x00, 0x00, 0x00, 0x00, 0x00, 0x00, 0x00,
        0x00, 0x00, 0x00, 0x11, 0x23, 0x33, 0x33, 0x33, 0x33, 0x12, 0x22, 0x22, 0x17, 0x77, 0x77, 0x77,
        0x77, 0x77, 0x77, 0x78, 0xFF, 0x41, 0x67, 0x85, 0x21, 0x00, 0x00, 0x00, 0x00, 0x00, 0x00, 0x00,
        0x00, 0x00, 0x00, 0x11, 0x23, 0x33, 0x33, 0x33, 0x33, 0x12, 0x22, 0x21, 0x67, 0x77, 0x77, 0x76,
        0x67, 0x77, 0x77, 0x7F, 0xF5, 0x16, 0x7F, 0xFF, 0x84, 0x00, 0x00, 0x00, 0x00, 0x00, 0x00, 0x00,
        0x00, 0x00, 0x00, 0x11, 0x23, 0x33, 0x33, 0x33, 0x33, 0x12, 0x22, 0x21, 0x67, 0x77, 0x77, 0x76,
        0x67, 0x77, 0x77, 0x7F, 0xF4, 0x67, 0x8F, 0xFF, 0xF5, 0x10, 0x00, 0x00, 0x00, 0x00, 0x00, 0x00,
        0x00, 0x00, 0x00, 0x11, 0x23, 0x33, 0x33, 0x33, 0x33, 0x12, 0x22, 0x16, 0x77, 0x77, 0x77, 0x71,
        0x67, 0x77, 0x76, 0x45, 0x41, 0x67, 0xFF, 0x88, 0x85, 0x10, 0x00, 0x00, 0x00, 0x00, 0x00, 0x00,
        0x00, 0x00, 0x00, 0x11, 0x23, 0x33, 0x33, 0x33, 0x33, 0x12, 0x21, 0x67, 0x77, 0x76, 0x61, 0x11,
        0x67, 0x77, 0x76, 0x11, 0x10, 0x11, 0x48, 0x88, 0x84, 0x10, 0x00, 0x00, 0x00, 0x00, 0x00, 0x00,
        0x00, 0x00, 0x00, 0x11, 0x23, 0x33, 0x33, 0x33, 0x33, 0x12, 0x21, 0x59, 0x77, 0x61, 0x12, 0x21,
        0x67, 0x77, 0x76, 0x10, 0x00, 0x00, 0x12, 0x55, 0x41, 0x01, 0x10, 0x00, 0x00, 0x00, 0x00, 0x00,
        0x00, 0x00, 0x00, 0x11, 0x23, 0x33, 0x33, 0x33, 0x33, 0x12, 0x21, 0xFF, 0x88, 0x41, 0x22, 0x22,
        0x67, 0x77, 0x76, 0x10, 0x00, 0x00, 0x00, 0x11, 0x10, 0x16, 0x61, 0x00, 0x00, 0x00, 0x00, 0x00,
        0x00, 0x00, 0x00, 0x11, 0x23, 0x33, 0x33, 0x33, 0x33, 0x12, 0x22, 0xFF, 0xFF, 0x81, 0x22, 0x22,
        0x28, 0x88, 0xF4, 0x10, 0x00, 0x00, 0x00, 0x00, 0x00, 0x17, 0x96, 0x10, 0x00, 0x00, 0x00, 0x00,
        0x00, 0x00, 0x00, 0x11, 0x23, 0x33, 0x33, 0x33, 0x33, 0x11, 0x11, 0x8F, 0x5F, 0x54, 0x12, 0x22,
        0x18, 0xFF, 0xF5, 0x11, 0x00, 0x00, 0x00, 0x00, 0x00, 0x17, 0x99, 0x61, 0x00, 0x00, 0x00, 0x00,
        0x00, 0x00, 0x00, 0x11, 0x23, 0x33, 0x33, 0x33, 0x33, 0x12, 0x31, 0x45, 0x45, 0x41, 0x12, 0x22,
        0x15, 0xFF, 0xFF, 0x51, 0x00, 0x11, 0x11, 0x11, 0x11, 0x17, 0x99, 0x96, 0x10, 0x00, 0x00, 0x00,
        0x00, 0x00, 0x00, 0x11, 0x23, 0x33, 0x33, 0x33, 0x22, 0x12, 0x22, 0x11, 0x11, 0x11, 0x11, 0x11,
        0x12, 0xFF, 0x58, 0x42, 0x01, 0x66, 0x66, 0x66, 0x66, 0x69, 0x99, 0x99, 0x61, 0x00, 0x00, 0x00,
        0x00, 0x00, 0x00, 0x11, 0x23, 0x33, 0x33, 0x22, 0x11, 0x00, 0x00, 0x00, 0x00, 0x00, 0x00, 0x00,
        0x01, 0x25, 0x44, 0x11, 0x01, 0x99, 0x99, 0x99, 0x99, 0x99, 0x99, 0x99, 0x96, 0x10, 0x00, 0x00,
        0x00, 0x00, 0x00, 0x11, 0x23, 0x33, 0x22, 0x11, 0x00, 0x00, 0x00, 0x00, 0x00, 0x00, 0x00, 0x00,
        0x00, 0x01, 0x11, 0x10, 0x01, 0x99, 0x99, 0x99, 0x99, 0x99, 0x99, 0x99, 0x99, 0x11, 0x00, 0x00,
        0x00, 0x00, 0x00, 0x11, 0x22, 0x21, 0x11, 0x00, 0x00, 0x00, 0x00, 0x00, 0x00, 0x00, 0x00, 0x00,
        0x00, 0x00, 0x00, 0x00, 0x01, 0x99, 0x99, 0x99, 0x99, 0x99, 0x99, 0x99, 0x97, 0x10, 0x00, 0x00,
        0x00, 0x00, 0x00, 0x11, 0x21, 0x11, 0x00, 0x00, 0x00, 0x00, 0x00, 0x00, 0x00, 0x00, 0x00, 0x00,
        0x00, 0x00, 0x00, 0x00, 0x01, 0x99, 0x99, 0x99, 0x99, 0x99, 0x99, 0x99, 0x71, 0x10, 0x00, 0x00,
        0x00, 0x00, 0x00, 0x01, 0x11, 0x00, 0x00, 0x00, 0x00, 0x00, 0x00, 0x00, 0x00, 0x00, 0x00, 0x00,
        0x00, 0x00, 0x00, 0x00, 0x01, 0x66, 0x66, 0x66, 0x66, 0x67, 0x99, 0x97, 0x11, 0x00, 0x00, 0x00,
        0x00, 0x00, 0x00, 0x00, 0x00, 0x00, 0x00, 0x00, 0x00, 0x00, 0x00, 0x00, 0x00, 0x00, 0x00, 0x00,
        0x00, 0x00, 0x00, 0x00, 0x00, 0x11, 0x11, 0x11, 0x11, 0x17, 0x99, 0x71, 0x10, 0x00, 0x00, 0x00,
        0x00, 0x00, 0x00, 0x00, 0x00, 0x00, 0x00, 0x00, 0x00, 0x00, 0x00, 0x00, 0x00, 0x00, 0x00, 0x00,
        0x00, 0x00, 0x00, 0x00, 0x00, 0x00, 0x00, 0x00, 0x00, 0x17, 0x97, 0x11, 0x00, 0x00, 0x00, 0x00,
        0x00, 0x00, 0x00, 0x00, 0x00, 0x00, 0x00, 0x00, 0x00, 0x00, 0x00, 0x00, 0x00, 0x00, 0x00, 0x00,
        0x00, 0x00, 0x00, 0x00, 0x00, 0x00, 0x00, 0x00, 0x00, 0x16, 0x61, 0x10, 0x00, 0x00, 0x00, 0x00,
        0x00, 0x00, 0x00, 0x00, 0x00, 0x00, 0x00, 0x00, 0x00, 0x00, 0x00, 0x00, 0x00, 0x00, 0x00, 0x00,
        0x00, 0x00, 0x00, 0x00, 0x00, 0x00, 0x00, 0x00, 0x00, 0x01, 0x10, 0x00, 0x00, 0x00, 0x00, 0x00,
        0x00, 0x00, 0x00, 0x00, 0x00, 0x00, 0x00, 0x00, 0x00, 0x00, 0x00, 0x00, 0x00, 0x00, 0x00, 0x00,
        0x00, 0x00, 0x00, 0x00, 0x00, 0x00, 0x00, 0x00, 0x00, 0x00, 0x00, 0x00, 0x00, 0x00, 0x00, 0x00,
        0x00, 0x00, 0x00, 0x00, 0x00, 0x00, 0x00, 0x00, 0x00, 0x00, 0x00, 0x00, 0x00, 0x00, 0x00, 0x00,
        0x00, 0x00, 0x00, 0x00, 0x00, 0x00, 0x00, 0x00, 0x00, 0x00, 0x00, 0x00, 0x00, 0x00, 0x00, 0x00,
        0x00, 0x00, 0x00, 0x00, 0x00, 0x00, 0x00, 0x00, 0x00, 0x00, 0x00, 0x00, 0x00, 0x00, 0x00, 0x00,
        0x00, 0x00, 0x00, 0x00, 0x00, 0x00, 0x00, 0x00, 0x00, 0x00, 0x00, 0x00, 0x00, 0x00, 0x00, 0x00,
        0x00, 0x00, 0x00, 0x00, 0x00, 0x00, 0x00, 0x00, 0x00, 0x00, 0x00, 0x00, 0x00, 0x00, 0x00, 0x00,
        0x00, 0x00, 0x00, 0x00, 0x00, 0x00, 0x00, 0x00, 0x00, 0x00, 0x00, 0x00, 0x00, 0x00, 0x00, 0x00,
        0x00, 0x00, 0x00, 0x00, 0x00, 0x00, 0x00, 0x00, 0x00, 0x00, 0x00, 0x00, 0x00, 0x00, 0x00, 0x00,
        0x00, 0x00, 0x00, 0x00, 0x00, 0x00, 0x00, 0x00, 0x00, 0x00, 0x00, 0x00, 0x00, 0x00, 0x00, 0x00,
        0x00, 0x00, 0x00, 0x00, 0x00, 0x00, 0x00, 0x00, 0x00, 0x00, 0x00, 0x00, 0x00, 0x00, 0x00, 0x00,
        0x00, 0x00, 0x00, 0x00, 0x00, 0x00, 0x00, 0x00, 0x00, 0x00, 0x00, 0x00, 0x00, 0x00, 0x00, 0x00,
    ],
};

/// `new-passphrase.png`, 64x64.
#[rustfmt::skip]
pub const NEW_PASSPHRASE: Indexed = Indexed {
    width: 64,
    height: 64,
    palette: PALETTE,
    pixels: &[
        0x00, 0x00, 0x00, 0x00, 0x00, 0x00, 0x00, 0x00, 0x00, 0x00, 0x00, 0x00, 0x00, 0x00, 0x00, 0x00,
        0x00, 0x00, 0x00, 0x00, 0x00, 0x00, 0x00, 0x00, 0x00, 0x00, 0x00, 0x00, 0x00, 0x00, 0x00, 0x00,
        0x00, 0x00, 0x00, 0x00, 0x00, 0x00, 0x00, 0x00, 0x00, 0x00, 0x00, 0x00, 0x00, 0x00, 0x00, 0x00,
        0x00, 0x00, 0x00, 0x00, 0x00, 0x00, 0x00, 0x00, 0x00, 0x00, 0x00, 0x00, 0x00, 0x00, 0x00, 0x00,
        0x00, 0x00, 0x00, 0x00, 0x00, 0x00, 0x00, 0x00, 0x00, 0x00, 0x00, 0x00, 0x00, 0x00, 0x00, 0x00,
        0x00, 0x00, 0x00, 0x00, 0x00, 0x00, 0x00, 0x00, 0x00, 0x00, 0x00, 0x00, 0x00, 0x00, 0x00, 0x00,
        0x00, 0x00, 0x00, 0x00, 0x00, 0x00, 0x00, 0x00, 0x00, 0x00, 0x00, 0x00, 0x00, 0x00, 0x00, 0x00,
        0x00, 0x00, 0x00, 0x00, 0x00, 0x00, 0x00, 0x00, 0x00, 0x00, 0x00, 0x00, 0x00, 0x00, 0x00, 0x00,
        0x00, 0x00, 0x00, 0x00, 0x00, 0x00, 0x00, 0x00, 0x00, 0x00, 0x00, 0x00, 0x00, 0x00, 0x00, 0x00,
        0x00, 0x00, 0x00, 0x00, 0x00, 0x00, 0x00, 0x00, 0x00, 0x00, 0x00, 0x00, 0x00, 0x00, 0x00, 0x00,
        0x00, 0x00, 0x00, 0x00, 0x00, 0x00, 0x00, 0x01, 0x11, 0x11, 0x10, 0x00, 0x00, 0x00, 0x00, 0x00,
        0x00, 0x00, 0x00, 0x00, 0x00, 0x01, 0x11, 0x11, 0x10, 0x00, 0x00, 0x00, 0x00, 0x00, 0x00, 0x00,
        0x00, 0x00, 0x00, 0x00, 0x00, 0x00, 0x00, 0x01, 0x67, 0x66, 0x11, 0x10, 0x00, 0x00, 0x00, 0x00,
        0x00, 0x00, 0x00, 0x00, 0x01, 0x11, 0x66, 0x76, 0x10, 0x00, 0x00, 0x00, 0x00, 0x00, 0x00, 0x00,
        0x00, 0x00, 0x00, 0x00, 0x00, 0x00, 0x00, 0x01, 0x67, 0x77, 0x66, 0x11, 0x00, 0x00, 0x00, 0x00,
        0x00, 0x00, 0x00, 0x00, 0x11, 0x66, 0x77, 0x76, 0x10, 0x00, 0x00, 0x00, 0x00, 0x00, 0x00, 0x00,
        0x00, 0x00, 0x00, 0x00, 0x00, 0x00, 0x00, 0x11, 0x79, 0x97, 0x77, 0x61, 0x10, 0x00, 0x00, 0x00,
        0x00, 0x00, 0x00, 0x01, 0x16, 0x77, 0x79, 0x97, 0x11, 0x00, 0x00, 0x00, 0x00, 0x00, 0x00, 0x00,
        0x00, 0x00, 0x00, 0x00, 0x00, 0x00, 0x00, 0x16, 0x78, 0x88, 0x77, 0x76, 0x11, 0x00, 0x00, 0x00,
        0x00, 0x00, 0x00, 0x11, 0x67, 0x77, 0x88, 0x87, 0x61, 0x00, 0x00, 0x00, 0x00, 0x00, 0x00, 0x00,
        0x00, 0x00, 0x00, 0x00, 0x00, 0x00, 0x00, 0x16, 0x78, 0x88, 0x89, 0x77, 0x61, 0x11, 0x11, 0x11,
        0x11, 0x11, 0x11, 0x16, 0x77, 0x98, 0x88, 0x87, 0x61, 0x00, 0x00, 0x00, 0x00, 0x00, 0x00, 0x00,
        0x00, 0x00, 0x00, 0x00, 0x00, 0x00, 0x00, 0x16, 0x78, 0x88, 0x88, 0x97, 0x76, 0x66, 0x66, 0x67,
        0x76, 0x66, 0x66, 0x67, 0x77, 0x88, 0x88, 0x87, 0x61, 0x00, 0x00, 0x00, 0x00, 0x00, 0x00, 0x00,
        0x00, 0x00, 0x00, 0x00, 0x00, 0x00, 0x00, 0x16, 0x78, 0x88, 0x88, 0x97, 0x77, 0x77, 0x66, 0x67,
        0x76, 0x66, 0x77, 0x77, 0x79, 0x88, 0x88, 0x87, 0x61, 0x00, 0x00, 0x00, 0x00, 0x00, 0x00, 0x00,
        0x00, 0x00, 0x00, 0x00, 0x00, 0x00, 0x00, 0x16, 0x78, 0x88, 0x89, 0x77, 0x77, 0x77, 0x66, 0x67,
        0x76, 0x66, 0x77, 0x77, 0x77, 0x98, 0x88, 0x87, 0x61, 0x00, 0x00, 0x00, 0x00, 0x00, 0x00, 0x00,
        0x00, 0x00, 0x00, 0x00, 0x00, 0x00, 0x00, 0x16, 0x78, 0x88, 0x97, 0x77, 0x77, 0x77, 0x66, 0x67,
        0x76, 0x66, 0x77, 0x77, 0x77, 0x79, 0x88, 0x87, 0x61, 0x00, 0x00, 0x00, 0x00, 0x00, 0x00, 0x00,
        0x00, 0x00, 0x00, 0x00, 0x00, 0x00, 0x00, 0x11, 0x78, 0x89, 0x77, 0x77, 0x77, 0x77, 0x66, 0x67,
        0x76, 0x66, 0x77, 0x77, 0x77, 0x77, 0x98, 0x87, 0x11, 0x00, 0x00, 0x00, 0x00, 0x00, 0x00, 0x00,
        0x00, 0x00, 0x00, 0x00, 0x00, 0x00, 0x00, 0x01, 0x79, 0x97, 0x77, 0x77, 0x77, 0x77, 0x66, 0x67,
        0x76, 0x66, 0x77, 0x77, 0x77, 0x77, 0x79, 0x96, 0x10, 0x00, 0x00, 0x00, 0x00, 0x00, 0x00, 0x00,
        0x00, 0x00, 0x00, 0x00, 0x00, 0x00, 0x00, 0x01, 0x67, 0x77, 0x77, 0x77, 0x77, 0x77, 0x76, 0x77,
        0x77, 0x67, 0x77, 0x77, 0x77, 0x77, 0x77, 0x76, 0x10, 0x00, 0x00, 0x00, 0x00, 0x00, 0x00, 0x00,
        0x00, 0x00, 0x00, 0x00, 0x00, 0x00, 0x00, 0x01, 0x17, 0x77, 0x77, 0x77, 0x77, 0x77, 0x77, 0x77,
        0x77, 0x77, 0x77, 0x77, 0x77, 0x77, 0x77, 0x71, 0x10, 0x00, 0x00, 0x00, 0x00, 0x00, 0x00, 0x00,
        0x00, 0x00, 0x00, 0x00, 0x00, 0x00, 0x00, 0x00, 0x16, 0x77, 0x77, 0x77, 0x77, 0x77, 0x77, 0x79,
        0x97, 0x77, 0x77, 0x77, 0x77, 0x77, 0x77, 0x61, 0x00, 0x00, 0x00, 0x00, 0x00, 0x00, 0x00, 0x00,
        0x00, 0x00, 0x00, 0x00, 0x00, 0x00, 0x00, 0x01, 0x17, 0x77, 0x77, 0x77, 0x67, 0x77, 0x77, 0x78,
        0x87, 0x77, 0x77, 0x76, 0x77, 0x77, 0x77, 0x71, 0x10, 0x00, 0x00, 0x00, 0x00, 0x00, 0x00, 0x00,
        0x00, 0x00, 0x00, 0x00, 0x00, 0x00, 0x00, 0x01, 0x67, 0x77, 0x77, 0x76, 0x11, 0x67, 0x77, 0x9F,
        0xF9, 0x77, 0x76, 0x11, 0x67, 0x77, 0x77, 0x76, 0x10, 0x00, 0x00, 0x00, 0x00, 0x00, 0x00, 0x00,
        0x00, 0x00, 0x00, 0x00, 0x00, 0x00, 0x00, 0x01, 0x67, 0x77, 0x77, 0x64, 0x41, 0x67, 0x77, 0xFF,
        0xFF, 0x77, 0x76, 0x44, 0x16, 0x77, 0x77, 0x76, 0x10, 0x00, 0x00, 0x00, 0x00, 0x00, 0x00, 0x00,
        0x00, 0x00, 0x00, 0x00, 0x00, 0x00, 0x00, 0x11, 0x77, 0x77, 0x77, 0x61, 0x11, 0x17, 0x78, 0xFF,
        0xFF, 0x87, 0x71, 0x11, 0x16, 0x77, 0x77, 0x76, 0x11, 0x00, 0x00, 0x00, 0x00, 0x00, 0x00, 0x00,
        0x00, 0x00, 0x00, 0x00, 0x00, 0x00, 0x00, 0x16, 0x77, 0x77, 0x77, 0x61, 0x11, 0x69, 0xFF, 0xFF,
        0xFF, 0xFF, 0x96, 0x11, 0x16, 0x77, 0x77, 0x77, 0x61, 0x00, 0x00, 0x00, 0x00, 0x00, 0x00, 0x00,
        0x00, 0x00, 0x00, 0x00, 0x00, 0x00, 0x01, 0x67, 0x77, 0x79, 0x88, 0x84, 0x44, 0xFF, 0xFF, 0x88,
        0x88, 0xFF, 0xF8, 0x44, 0x48, 0x88, 0x97, 0x77, 0x76, 0x10, 0x00, 0x00, 0x00, 0x00, 0x00, 0x00,
        0x00, 0x00, 0x00, 0x00, 0x00, 0x00, 0x01, 0x17, 0x79, 0xFF, 0xFF, 0xFF, 0xFF, 0xFF, 0xFF, 0xF8,
        0x8F, 0xFF, 0xFF, 0xFF, 0xFF, 0xFF, 0xF8, 0x97, 0x61, 0x10, 0x00, 0x00, 0x00, 0x00, 0x00, 0x00,
        0x00, 0x00, 0x00, 0x00, 0x00, 0x00, 0x00, 0x17, 0x8F, 0xFF, 0xFF, 0xFF, 0xFF, 0xF8, 0x45, 0xF2,
        0x4F, 0x54, 0xFF, 0xFF, 0xFF, 0xFF, 0xFF, 0xF8, 0x71, 0x00, 0x00, 0x00, 0x00, 0x00, 0x00, 0x00,
        0x00, 0x00, 0x00, 0x00, 0x00, 0x00, 0x00, 0x18, 0xFF, 0xFF, 0xFF, 0xFF, 0xFF, 0xFF, 0x41, 0x11,
        0x11, 0x14, 0xFF, 0xFF, 0xFF, 0xFF, 0xFF, 0xFF, 0x81, 0x00, 0x00, 0x00, 0x00, 0x00, 0x00, 0x00,
        0x00, 0x00, 0x00, 0x00, 0x00, 0x00, 0x00, 0x14, 0xFF, 0xFF, 0xFF, 0xFF, 0xFF, 0xFF, 0xF5, 0x5F,
        0x55, 0x5F, 0xFF, 0xFF, 0xFF, 0xFF, 0xFF, 0xFF, 0x41, 0x00, 0x00, 0x00, 0x00, 0x00, 0x00, 0x00,
        0x00, 0x00, 0x00, 0x00, 0x00, 0x00, 0x00, 0x01, 0x4F, 0xFF, 0xFF, 0xFF, 0xFF, 0xFF, 0xFF, 0xFF,
        0xFF, 0xFF, 0xFF, 0xFF, 0xFF, 0xFF, 0xFF, 0xF4, 0x10, 0x00, 0x00, 0x00, 0x00, 0x00, 0x00, 0x00,
        0x00, 0x00, 0x00, 0x00, 0x00, 0x00, 0x00, 0x00, 0x14, 0x8F, 0xFF, 0xFF, 0xFF, 0xFF, 0xFF, 0xFF,
        0xFF, 0xFF, 0xFF, 0xFF, 0xFF, 0xFF, 0xF5, 0x41, 0x10, 0x00, 0x00, 0x00, 0x00, 0x00, 0x00, 0x00,
        0x00, 0x00, 0x00, 0x00, 0x00, 0x00, 0x00, 0x01, 0x11, 0x14, 0x44, 0x5F, 0xFF, 0xFF, 0xFF, 0xFF,
        0xFF, 0xFF, 0xFF, 0xFF, 0xF5, 0x44, 0x41, 0x11, 0x10, 0x00, 0x00, 0x00, 0x00, 0x00, 0x00, 0x00,
        0x00, 0x00, 0x00, 0x00, 0x00, 0x00, 0x00, 0x16, 0x61, 0x14, 0x42, 0x14, 0xFF, 0xFF, 0xFF, 0xFF,
        0xFF, 0xFF, 0xFF, 0xFF, 0x41, 0x24, 0x41, 0x16, 0x61, 0x00, 0x00, 0x00, 0x00, 0x00, 0x00, 0x00,
        0x00, 0x00, 0x00, 0x00, 0x00, 0x00, 0x01, 0x66, 0x12, 0x5F, 0xFF, 0x51, 0x48, 0xFF, 0xFF, 0xFF,
        0xFF, 0xFF, 0xFF, 0x84, 0x15, 0xF8, 0xF5, 0x11, 0x66, 0x10, 0x00, 0x00, 0x00, 0x00, 0x00, 0x00,
        0x00, 0x00, 0x00, 0x00, 0x00, 0x00, 0x11, 0x76, 0x28, 0xF8, 0x8F, 0xF4, 0x19, 0xFF, 0xFF, 0xFF,
        0xFF, 0xFF, 0xFF, 0x91, 0x4F, 0xF8, 0xFF, 0x81, 0x67, 0x11, 0x00, 0x00, 0x00, 0x00, 0x00, 0x00,
        0x00, 0x00, 0x00, 0x00, 0x00, 0x00, 0x16, 0x61, 0x58, 0x8F, 0x88, 0x85, 0x18, 0xFF, 0xFF, 0xFF,
        0xFF, 0xFF, 0xFF, 0x81, 0x58, 0xF8, 0xF8, 0xF5, 0x17, 0x61, 0x00, 0x00, 0x00, 0x00, 0x00, 0x00,
        0x00, 0x00, 0x00, 0x00, 0x00, 0x01, 0x17, 0x61, 0xFF, 0xF8, 0x88, 0xF5, 0x14, 0x44, 0x44, 0x44,
        0x44, 0x44, 0x44, 0x41, 0x5F, 0x88, 0x8F, 0xFF, 0x16, 0x71, 0x10, 0x00, 0x00, 0x00, 0x00, 0x00,
        0x00, 0x00, 0x00, 0x00, 0x00, 0x01, 0x67, 0x62, 0xFF, 0xF8, 0x88, 0xF4, 0x14, 0x44, 0x44, 0x44,
        0x44, 0x44, 0x44, 0x41, 0x4F, 0x88, 0x8F, 0xFF, 0x16, 0x76, 0x10, 0x00, 0x00, 0x00, 0x00, 0x00,
        0x00, 0x00, 0x00, 0x00, 0x00, 0x01, 0x67, 0x61, 0x5F, 0x84, 0x44, 0x22, 0x5F, 0xFF, 0xFF, 0xFF,
        0xFF, 0xFF, 0xFF, 0xF5, 0x12, 0x44, 0x4F, 0xF4, 0x16, 0x76, 0x10, 0x00, 0x00, 0x00, 0x00, 0x00,
        0x00, 0x00, 0x00, 0x00, 0x00, 0x01, 0x77, 0x76, 0x11, 0x14, 0x33, 0x5F, 0xFF, 0xFF, 0xFF, 0xFF,
        0xFF, 0xFF, 0xFF, 0xFF, 0x85, 0x44, 0x11, 0x11, 0x67, 0x77, 0x10, 0x00, 0x00, 0x00, 0x00, 0x00,
        0x00, 0x00, 0x00, 0x00, 0x00, 0x01, 0x77, 0x76, 0x14, 0x5F, 0xFF, 0xFF, 0xFF, 0xFF, 0xFF, 0xFF,
        0xFF, 0xFF, 0xFF, 0xFF, 0xFF, 0xFF, 0x54, 0x16, 0x77, 0x77, 0x10, 0x00, 0x00, 0x00, 0x00, 0x00,
        0x00, 0x00, 0x00, 0x00, 0x00, 0x01, 0x67, 0x76, 0x15, 0xFF, 0x54, 0x44, 0x44, 0x44, 0x44, 0x44,
        0x44, 0x44, 0x48, 0xFF, 0xFF, 0x54, 0x11, 0x11, 0x16, 0x76, 0x10, 0x00, 0x00, 0x00, 0x00, 0x00,
        0x00, 0x00, 0x00, 0x00, 0x00, 0x01, 0x67, 0x76, 0x15, 0xFF, 0x21, 0x11, 0x11, 0x11, 0x11, 0x11,
        0x11, 0x11, 0x15, 0xFF, 0x84, 0x12, 0x22, 0x22, 0x21, 0x16, 0x10, 0x00, 0x00, 0x00, 0x00, 0x00,
        0x00, 0x00, 0x00, 0x00, 0x00, 0x00, 0x16, 0x77, 0x15, 0xFF, 0x55, 0x55, 0x55, 0x55, 0x55, 0x55,
        0x55, 0x55, 0x5F, 0xF5, 0x11, 0x23, 0x33, 0x33, 0x33, 0x21, 0x10, 0x00, 0x00, 0x00, 0x00, 0x00,
        0x00, 0x00, 0x00, 0x00, 0x00, 0x00, 0x11, 0x66, 0x15, 0xFF, 0xFF, 0xFF, 0xFF, 0xFF, 0xFF, 0xFF,
        0xFF, 0xFF, 0xFF, 0xF2, 0x23, 0x33, 0x32, 0x23, 0x33, 0x32, 0x10, 0x00, 0x00, 0x00, 0x00, 0x00,
        0x00, 0x00, 0x00, 0x00, 0x00, 0x00, 0x00, 0x11, 0x15, 0xFF, 0x41, 0x11, 0x11, 0x11, 0x11, 0x11,
        0x11, 0x12, 0xFF, 0x41, 0x33, 0x33, 0x24, 0x42, 0x33, 0x33, 0x10, 0x00, 0x00, 0x00, 0x00, 0x00,
        0x00, 0x00, 0x00, 0x00, 0x00, 0x00, 0x00, 0x00, 0x15, 0xFF, 0x41, 0x11, 0x11, 0x11, 0x11, 0x11,
        0x11, 0x14, 0xFF, 0x12, 0x33, 0x33, 0x25, 0x52, 0x33, 0x33, 0x21, 0x00, 0x00, 0x00, 0x00, 0x00,
        0x00, 0x00, 0x00, 0x00, 0x00, 0x00, 0x00, 0x00, 0x15, 0xFF, 0xFF, 0xFF, 0xFF, 0xFF, 0xFF, 0xFF,
        0xFF, 0xFF, 0xF5, 0x13, 0x33, 0x22, 0x15, 0x51, 0x22, 0x33, 0x31, 0x00, 0x00, 0x00, 0x00, 0x00,
        0x00, 0x00, 0x00, 0x00, 0x00, 0x00, 0x00, 0x00, 0x15, 0xFF, 0x55, 0x55, 0x55, 0x55, 0x55, 0x55,
        0x55, 0x5F, 0xF5, 0x13, 0x32, 0x44, 0x4F, 0xF4, 0x44, 0x23, 0x31, 0x00, 0x00, 0x00, 0x00, 0x00,
        0x00, 0x00, 0x00, 0x00, 0x00, 0x00, 0x00, 0x00, 0x15, 0xFF, 0x21, 0x11, 0x11, 0x11, 0x11, 0x11,
        0x11, 0x15, 0xF4, 0x13, 0x22, 0xFF, 0xFF, 0xFF, 0xF8, 0x23, 0x31, 0x00, 0x00, 0x00, 0x00, 0x00,
        0x00, 0x00, 0x00, 0x00, 0x00, 0x00, 0x00, 0x00, 0x15, 0xFF, 0x54, 0x44, 0x44, 0x44, 0x44, 0x44,
        0x44, 0x4F, 0xF5, 0x13, 0x32, 0x24, 0x4F, 0xF4, 0x42, 0x23, 0x31, 0x00, 0x00, 0x00, 0x00, 0x00,
        0x00, 0x00, 0x00, 0x00, 0x00, 0x00, 0x00, 0x00, 0x15, 0xFF, 0xFF, 0xFF, 0xFF, 0xFF, 0xFF, 0xFF,
        0xFF, 0xFF, 0xF5, 0x12, 0x33, 0x22, 0x15, 0x51, 0x22, 0x33, 0x21, 0x00, 0x00, 0x00, 0x00, 0x00,
        0x00, 0x00, 0x00, 0x00, 0x00, 0x00, 0x00, 0x00, 0x15, 0xFF, 0xFF, 0xFF, 0xFF, 0xFF, 0xFF, 0xFF,
        0xFF, 0xFF, 0xFF, 0x42, 0x33, 0x33, 0x25, 0x52, 0x33, 0x33, 0x21, 0x00, 0x00, 0x00, 0x00, 0x00,
        0x00, 0x00, 0x00, 0x00, 0x00, 0x00, 0x00, 0x00, 0x12, 0x55, 0x55, 0x55, 0x55, 0x55, 0x55, 0x55,
        0x55, 0x55, 0x55, 0x41, 0x23, 0x33, 0x24, 0x42, 0x33, 0x32, 0x10, 0x00, 0x00, 0x00, 0x00, 0x00,
        0x00, 0x00, 0x00, 0x00, 0x00, 0x00, 0x00, 0x00, 0x01, 0x11, 0x11, 0x11, 0x11, 0x11, 0x11, 0x11,
        0x11, 0x11, 0x11, 0x11, 0x12, 0x33, 0x32, 0x23, 0x33, 0x21, 0x10, 0x00, 0x00, 0x00, 0x00, 0x00,
        0x00, 0x00, 0x00, 0x00, 0x00, 0x00, 0x00, 0x00, 0x00, 0x00, 0x00, 0x00, 0x00, 0x00, 0x00, 0x00,
        0x00, 0x00, 0x00, 0x00, 0x11, 0x23, 0x33, 0x33, 0x32, 0x11, 0x00, 0x00, 0x00, 0x00, 0x00, 0x00,
        0x00, 0x00, 0x00, 0x00, 0x00, 0x00, 0x00, 0x00, 0x00, 0x00, 0x00, 0x00, 0x00, 0x00, 0x00, 0x00,
        0x00, 0x00, 0x00, 0x00, 0x00, 0x11, 0x22, 0x22, 0x11, 0x00, 0x00, 0x00, 0x00, 0x00, 0x00, 0x00,
        0x00, 0x00, 0x00, 0x00, 0x00, 0x00, 0x00, 0x00, 0x00, 0x00, 0x00, 0x00, 0x00, 0x00, 0x00, 0x00,
        0x00, 0x00, 0x00, 0x00, 0x00, 0x00, 0x11, 0x11, 0x00, 0x00, 0x00, 0x00, 0x00, 0x00, 0x00, 0x00,
        0x00, 0x00, 0x00, 0x00, 0x00, 0x00, 0x00, 0x00, 0x00, 0x00, 0x00, 0x00, 0x00, 0x00, 0x00, 0x00,
        0x00, 0x00, 0x00, 0x00, 0x00, 0x00, 0x00, 0x00, 0x00, 0x00, 0x00, 0x00, 0x00, 0x00, 0x00, 0x00,
        0x00, 0x00, 0x00, 0x00, 0x00, 0x00, 0x00, 0x00, 0x00, 0x00, 0x00, 0x00, 0x00, 0x00, 0x00, 0x00,
        0x00, 0x00, 0x00, 0x00, 0x00, 0x00, 0x00, 0x00, 0x00, 0x00, 0x00, 0x00, 0x00, 0x00, 0x00, 0x00,
        0x00, 0x00, 0x00, 0x00, 0x00, 0x00, 0x00, 0x00, 0x00, 0x00, 0x00, 0x00, 0x00, 0x00, 0x00, 0x00,
        0x00, 0x00, 0x00, 0x00, 0x00, 0x00, 0x00, 0x00, 0x00, 0x00, 0x00, 0x00, 0x00, 0x00, 0x00, 0x00,
        0x00, 0x00, 0x00, 0x00, 0x00, 0x00, 0x00, 0x00, 0x00, 0x00, 0x00, 0x00, 0x00, 0x00, 0x00, 0x00,
        0x00, 0x00, 0x00, 0x00, 0x00, 0x00, 0x00, 0x00, 0x00, 0x00, 0x00, 0x00, 0x00, 0x00, 0x00, 0x00,
        0x00, 0x00, 0x00, 0x00, 0x00, 0x00, 0x00, 0x00, 0x00, 0x00, 0x00, 0x00, 0x00, 0x00, 0x00, 0x00,
        0x00, 0x00, 0x00, 0x00, 0x00, 0x00, 0x00, 0x00, 0x00, 0x00, 0x00, 0x00, 0x00, 0x00, 0x00, 0x00,
    ],
};

/// `notes.png`, 64x64.
#[rustfmt::skip]
pub const NOTES: Indexed = Indexed {
    width: 64,
    height: 64,
    palette: PALETTE,
    pixels: &[
        0x00, 0x00, 0x00, 0x00, 0x00, 0x00, 0x00, 0x00, 0x00, 0x00, 0x00, 0x00, 0x00, 0x00, 0x00, 0x00,
        0x00, 0x00, 0x00, 0x00, 0x00, 0x00, 0x00, 0x00, 0x00, 0x00, 0x00, 0x00, 0x00, 0x00, 0x00, 0x00,
        0x00, 0x00, 0x00, 0x00, 0x00, 0x00, 0x00, 0x00, 0x00, 0x00, 0x00, 0x00, 0x00, 0x00, 0x00, 0x00,
        0x00, 0x00, 0x00, 0x00, 0x00, 0x00, 0x00, 0x00, 0x00, 0x00, 0x00, 0x00, 0x00, 0x00, 0x00, 0x00,
        0x00, 0x00, 0x00, 0x00, 0x00, 0x00, 0x00, 0x00, 0x00, 0x00, 0x00, 0x00, 0x00, 0x00, 0x00, 0x00,
        0x00, 0x00, 0x00, 0x00, 0x00, 0x00, 0x00, 0x00, 0x00, 0x00, 0x00, 0x00, 0x00, 0x00, 0x00, 0x00,
        0x00, 0x00, 0x00, 0x00, 0x00, 0x00, 0x00, 0x00, 0x00, 0x00, 0x00, 0x00, 0x00, 0x00, 0x00, 0x00,
        0x00, 0x00, 0x00, 0x00, 0x00, 0x00, 0x00, 0x00, 0x00, 0x00, 0x00, 0x00, 0x00, 0x00, 0x00, 0x00,
        0x00, 0x00, 0x00, 0x00, 0x00, 0x00, 0x00, 0x00, 0x01, 0x11, 0x00, 0x00, 0x00, 0x00, 0x00, 0x00,
        0x00, 0x00, 0x00, 0x00, 0x00, 0x00, 0x11, 0x10, 0x00, 0x00, 0x00, 0x00, 0x00, 0x00, 0x00, 0x00,
        0x00, 0x00, 0x00, 0x00, 0x00, 0x00, 0x00, 0x00, 0x11, 0x61, 0x11, 0x00, 0x00, 0x00, 0x00, 0x00,
        0x00, 0x00, 0x00, 0x00, 0x00, 0x11, 0x16, 0x11, 0x00, 0x00, 0x00, 0x00, 0x00, 0x00, 0x00, 0x00,
        0x00, 0x00, 0x00, 0x00, 0x00, 0x00, 0x00, 0x00, 0x16, 0x77, 0x61, 0x11, 0x00, 0x00, 0x00, 0x00,
        0x00, 0x00, 0x00, 0x00, 0x11, 0x16, 0x77, 0x61, 0x00, 0x00, 0x00, 0x00, 0x00, 0x00, 0x00, 0x00,
        0x00, 0x00, 0x00, 0x00, 0x00, 0x00, 0x00, 0x01, 0x17, 0x99, 0x77, 0x61, 0x10, 0x00, 0x00, 0x00,
        0x00, 0x00, 0x00, 0x01, 0x16, 0x77, 0x99, 0x71, 0x10, 0x00, 0x00, 0x00, 0x00, 0x00, 0x00, 0x00,
        0x00, 0x00, 0x00, 0x00, 0x00, 0x00, 0x00, 0x01, 0x67, 0x88, 0x87, 0x76, 0x11, 0x00, 0x11, 0x11,
        0x11, 0x11, 0x00, 0x11, 0x67, 0x78, 0x88, 0x76, 0x10, 0x00, 0x00, 0x00, 0x00, 0x00, 0x00, 0x00,
        0x00, 0x00, 0x00, 0x00, 0x00, 0x00, 0x00, 0x01, 0x67, 0x88, 0x88, 0x77, 0x61, 0x11, 0x16, 0x66,
        0x66, 0x61, 0x11, 0x16, 0x77, 0x88, 0x88, 0x76, 0x10, 0x00, 0x00, 0x00, 0x00, 0x00, 0x00, 0x00,
        0x00, 0x00, 0x00, 0x00, 0x00, 0x00, 0x00, 0x01, 0x67, 0x88, 0x88, 0x87, 0x76, 0x66, 0x66, 0x67,
        0x76, 0x66, 0x66, 0x67, 0x78, 0x88, 0x88, 0x76, 0x10, 0x00, 0x00, 0x00, 0x00, 0x00, 0x00, 0x00,
        0x00, 0x00, 0x00, 0x00, 0x00, 0x00, 0x00, 0x01, 0x67, 0x88, 0x88, 0x97, 0x77, 0x77, 0x66, 0x67,
        0x76, 0x66, 0x77, 0x77, 0x79, 0x88, 0x88, 0x76, 0x10, 0x00, 0x00, 0x00, 0x00, 0x00, 0x00, 0x00,
        0x00, 0x00, 0x00, 0x00, 0x00, 0x00, 0x00, 0x01, 0x17, 0x88, 0x87, 0x77, 0x77, 0x77, 0x66, 0x67,
        0x76, 0x66, 0x77, 0x77, 0x77, 0x78, 0x88, 0x71, 0x10, 0x00, 0x00, 0x00, 0x00, 0x00, 0x00, 0x00,
        0x00, 0x00, 0x00, 0x00, 0x00, 0x00, 0x00, 0x01, 0x17, 0x88, 0x77, 0x77, 0x77, 0x77, 0x66, 0x67,
        0x76, 0x66, 0x77, 0x77, 0x77, 0x77, 0x88, 0x71, 0x10, 0x00, 0x00, 0x00, 0x00, 0x00, 0x00, 0x00,
        0x00, 0x00, 0x00, 0x00, 0x00, 0x00, 0x00, 0x00, 0x16, 0x77, 0x77, 0x77, 0x77, 0x77, 0x76, 0x67,
        0x76, 0x67, 0x77, 0x77, 0x77, 0x77, 0x77, 0x61, 0x00, 0x00, 0x00, 0x00, 0x00, 0x00, 0x00, 0x00,
        0x00, 0x00, 0x00, 0x00, 0x00, 0x00, 0x00, 0x00, 0x16, 0x77, 0x77, 0x77, 0x77, 0x77, 0x76, 0x67,
        0x77, 0x67, 0x77, 0x77, 0x77, 0x77, 0x77, 0x61, 0x00, 0x00, 0x00, 0x00, 0x00, 0x00, 0x00, 0x00,
        0x00, 0x00, 0x00, 0x00, 0x00, 0x00, 0x00, 0x00, 0x11, 0x77, 0x77, 0x77, 0x77, 0x77, 0x77, 0x77,
        0x77, 0x77, 0x77, 0x77, 0x77, 0x77, 0x77, 0x11, 0x00, 0x00, 0x00, 0x00, 0x00, 0x00, 0x00, 0x00,
        0x00, 0x00, 0x00, 0x00, 0x00, 0x00, 0x00, 0x00, 0x16, 0x77, 0x77, 0x77, 0x76, 0x67, 0x77, 0x77,
        0x77, 0x77, 0x76, 0x67, 0x77, 0x77, 0x77, 0x61, 0x00, 0x00, 0x00, 0x00, 0x00, 0x00, 0x00, 0x00,
        0x00, 0x00, 0x00, 0x00, 0x00, 0x00, 0x00, 0x00, 0x16, 0x77, 0x77, 0x77, 0x61, 0x16, 0x77, 0x78,
        0x87, 0x77, 0x61, 0x16, 0x77, 0x77, 0x77, 0x61, 0x00, 0x00, 0x00, 0x00, 0x00, 0x00, 0x00, 0x00,
        0x00, 0x00, 0x00, 0x00, 0x00, 0x00, 0x00, 0x00, 0x16, 0x77, 0x77, 0x76, 0x11, 0x16, 0x77, 0x8F,
        0xF8, 0x77, 0x61, 0x11, 0x67, 0x77, 0x77, 0x61, 0x00, 0x00, 0x00, 0x00, 0x00, 0x00, 0x00, 0x00,
        0x00, 0x00, 0x00, 0x00, 0x00, 0x00, 0x00, 0x01, 0x17, 0x77, 0x77, 0x77, 0x11, 0x16, 0x78, 0xFF,
        0xFF, 0x87, 0x61, 0x11, 0x77, 0x77, 0x77, 0x71, 0x10, 0x00, 0x00, 0x00, 0x00, 0x00, 0x00, 0x00,
        0x00, 0x00, 0x00, 0x00, 0x00, 0x00, 0x00, 0x01, 0x17, 0x77, 0x99, 0x99, 0x76, 0x69, 0x8F, 0x88,
        0x88, 0xF8, 0x96, 0x67, 0x99, 0x99, 0x77, 0x71, 0x10, 0x00, 0x00, 0x00, 0x00, 0x00, 0x00, 0x00,
        0x00, 0x00, 0x00, 0x00, 0x00, 0x00, 0x00, 0x00, 0x17, 0x8F, 0xFF, 0xFF, 0xFF, 0xFF, 0xFF, 0x88,
        0x88, 0xFF, 0xFF, 0xFF, 0xFF, 0xFF, 0xF8, 0x71, 0x00, 0x00, 0x00, 0x00, 0x00, 0x00, 0x00, 0x00,
        0x00, 0x00, 0x00, 0x00, 0x00, 0x00, 0x00, 0x00, 0x15, 0xFF, 0xFF, 0xFF, 0xFF, 0xFF, 0x85, 0xF4,
        0x4F, 0x58, 0xFF, 0xFF, 0xFF, 0xFF, 0xFF, 0x51, 0x00, 0x00, 0x00, 0x00, 0x00, 0x00, 0x00, 0x00,
        0x00, 0x00, 0x00, 0x00, 0x00, 0x00, 0x00, 0x00, 0x11, 0x44, 0x48, 0xFF, 0xFF, 0xFF, 0x52, 0x21,
        0x12, 0x25, 0xFF, 0xFF, 0xFF, 0x84, 0x44, 0x11, 0x00, 0x00, 0x00, 0x00, 0x00, 0x00, 0x00, 0x00,
        0x00, 0x00, 0x00, 0x00, 0x00, 0x00, 0x00, 0x01, 0x14, 0x44, 0x21, 0x5F, 0xFF, 0xFF, 0xF5, 0x55,
        0x55, 0x5F, 0xFF, 0xFF, 0xF5, 0x12, 0x44, 0x41, 0x10, 0x00, 0x00, 0x00, 0x00, 0x00, 0x00, 0x00,
        0x00, 0x00, 0x00, 0x00, 0x00, 0x00, 0x00, 0x14, 0x5F, 0x8F, 0xF4, 0x18, 0xFF, 0xFF, 0xFF, 0xFF,
        0xFF, 0xFF, 0xFF, 0xFF, 0x81, 0x4F, 0xFF, 0xF8, 0x41, 0x00, 0x00, 0x00, 0x00, 0x00, 0x00, 0x00,
        0x00, 0x00, 0x00, 0x00, 0x00, 0x00, 0x00, 0x18, 0x8F, 0x88, 0xFF, 0x26, 0x98, 0xFF, 0x5F, 0xFF,
        0xFF, 0xF5, 0xFF, 0x89, 0x62, 0xFF, 0x88, 0xF8, 0x81, 0x00, 0x00, 0x00, 0x00, 0x00, 0x00, 0x00,
        0x00, 0x00, 0x00, 0x00, 0x00, 0x00, 0x01, 0x4F, 0x88, 0x8F, 0x88, 0x21, 0x67, 0x92, 0x14, 0xFF,
        0xFF, 0x41, 0x29, 0x76, 0x12, 0x88, 0xF8, 0x88, 0xF4, 0x10, 0x00, 0x00, 0x00, 0x00, 0x00, 0x00,
        0x00, 0x00, 0x00, 0x00, 0x00, 0x00, 0x01, 0x48, 0xF8, 0x88, 0xF5, 0x11, 0x17, 0x61, 0x41, 0x3F,
        0xF3, 0x14, 0x16, 0x71, 0x11, 0x5F, 0x88, 0x8F, 0x84, 0x10, 0x00, 0x00, 0x00, 0x00, 0x00, 0x00,
        0x00, 0x00, 0x00, 0x00, 0x00, 0x00, 0x01, 0x4F, 0xF8, 0x88, 0x51, 0x22, 0x11, 0x12, 0x41, 0x12,
        0x21, 0x14, 0x21, 0x11, 0x22, 0x15, 0x88, 0x8F, 0xF4, 0x10, 0x00, 0x00, 0x00, 0x00, 0x00, 0x00,
        0x00, 0x00, 0x00, 0x00, 0x00, 0x00, 0x00, 0x14, 0x55, 0x42, 0x11, 0x42, 0x24, 0x42, 0x41, 0x44,
        0x44, 0x14, 0x24, 0x42, 0x24, 0x11, 0x24, 0x55, 0x41, 0x00, 0x00, 0x00, 0x00, 0x00, 0x00, 0x00,
        0x00, 0x00, 0x00, 0x00, 0x00, 0x00, 0x00, 0x01, 0x14, 0x45, 0x51, 0x42, 0x4F, 0x42, 0x41, 0x5F,
        0xF5, 0x14, 0x24, 0xF4, 0x24, 0x15, 0x54, 0x41, 0x10, 0x00, 0x00, 0x00, 0x00, 0x00, 0x00, 0x00,
        0x00, 0x00, 0x00, 0x00, 0x00, 0x00, 0x00, 0x01, 0x5F, 0xFF, 0x51, 0x42, 0x2F, 0x41, 0x41, 0x4F,
        0xF4, 0x14, 0x14, 0xF2, 0x24, 0x15, 0xFF, 0xF5, 0x10, 0x00, 0x00, 0x00, 0x00, 0x00, 0x00, 0x00,
        0x00, 0x00, 0x00, 0x00, 0x00, 0x00, 0x00, 0x01, 0x5F, 0xFF, 0xF2, 0x11, 0x4F, 0x51, 0x11, 0x5F,
        0xF5, 0x11, 0x15, 0xF4, 0x11, 0x2F, 0xFF, 0xF5, 0x10, 0x00, 0x00, 0x00, 0x00, 0x00, 0x00, 0x00,
        0x00, 0x00, 0x00, 0x00, 0x00, 0x00, 0x00, 0x01, 0x5F, 0xFF, 0xF8, 0x55, 0xFF, 0xF5, 0x35, 0xFF,
        0xFF, 0x53, 0x5F, 0xFF, 0x55, 0x8F, 0xFF, 0xF8, 0x10, 0x00, 0x00, 0x00, 0x00, 0x00, 0x00, 0x00,
        0x00, 0x00, 0x00, 0x00, 0x00, 0x00, 0x00, 0x01, 0x5F, 0xFF, 0xFF, 0xFF, 0xFF, 0xFF, 0xFF, 0xFF,
        0xFF, 0xFF, 0xFF, 0xFF, 0xFF, 0xFF, 0xFF, 0xF8, 0x10, 0x00, 0x00, 0x00, 0x00, 0x00, 0x00, 0x00,
        0x00, 0x00, 0x00, 0x00, 0x00, 0x00, 0x00, 0x01, 0x5F, 0xFF, 0xFF, 0xFF, 0xFF, 0xFF, 0xFF, 0xFF,
        0xFF, 0xFF, 0xFF, 0xFF, 0xFF, 0xFF, 0xFF, 0xF8, 0x10, 0x00, 0x00, 0x00, 0x00, 0x00, 0x00, 0x00,
        0x00, 0x00, 0x00, 0x00, 0x00, 0x00, 0x00, 0x01, 0x5F, 0xFF, 0xFF, 0xFF, 0xFF, 0xFF, 0xFF, 0xFF,
        0xFF, 0xFF, 0xFF, 0xFF, 0xFF, 0xFF, 0xFF, 0xF8, 0x10, 0x00, 0x00, 0x00, 0x00, 0x00, 0x00, 0x00,
        0x00, 0x00, 0x00, 0x00, 0x00, 0x00, 0x00, 0x01, 0x5F, 0xFF, 0xFF, 0xFF, 0xFF, 0xFF, 0xFF, 0xFF,
        0xFF, 0xFF, 0xFF, 0xFF, 0xFF, 0xFF, 0xFF, 0xF8, 0x10, 0x00, 0x00, 0x00, 0x00, 0x00, 0x00, 0x00,
        0x00, 0x00, 0x00, 0x00, 0x00, 0x00, 0x00, 0x01, 0x5F, 0xFF, 0xFF, 0x88, 0x88, 0x88, 0x88, 0x88,
        0x88, 0x88, 0x88, 0x88, 0x88, 0x8F, 0xFF, 0xF8, 0x10, 0x00, 0x00, 0x00, 0x00, 0x00, 0x00, 0x00,
        0x00, 0x00, 0x00, 0x00, 0x00, 0x00, 0x00, 0x01, 0x5F, 0xFF, 0x51, 0x11, 0x11, 0x11, 0x11, 0x11,
        0x11, 0x11, 0x11, 0x11, 0x11, 0x15, 0xFF, 0xF8, 0x10, 0x00, 0x00, 0x00, 0x00, 0x00, 0x00, 0x00,
        0x00, 0x00, 0x00, 0x00, 0x00, 0x00, 0x00, 0x01, 0x5F, 0xFF, 0x54, 0x22, 0x22, 0x22, 0x22, 0x22,
        0x22, 0x22, 0x22, 0x22, 0x22, 0x45, 0xFF, 0xF8, 0x10, 0x00, 0x00, 0x00, 0x00, 0x00, 0x00, 0x00,
        0x00, 0x00, 0x00, 0x00, 0x00, 0x00, 0x00, 0x01, 0x5F, 0xFF, 0xFF, 0xFF, 0xFF, 0xFF, 0xFF, 0xFF,
        0xFF, 0xFF, 0xFF, 0xFF, 0xFF, 0xFF, 0xFF, 0xF8, 0x10, 0x00, 0x00, 0x00, 0x00, 0x00, 0x00, 0x00,
        0x00, 0x00, 0x00, 0x00, 0x00, 0x00, 0x00, 0x01, 0x5F, 0xFF, 0xFF, 0xFF, 0xFF, 0xFF, 0xFF, 0xFF,
        0xFF, 0xFF, 0xFF, 0xFF, 0xFF, 0xFF, 0xFF, 0xF8, 0x10, 0x00, 0x00, 0x00, 0x00, 0x00, 0x00, 0x00,
        0x00, 0x00, 0x00, 0x00, 0x00, 0x00, 0x00, 0x01, 0x5F, 0xFF, 0xFF, 0xFF, 0xFF, 0xFF, 0xFF, 0xFF,
        0xFF, 0xFF, 0xFF, 0xFF, 0xFF, 0xFF, 0xFF, 0xF8, 0x10, 0x00, 0x00, 0x00, 0x00, 0x00, 0x00, 0x00,
        0x00, 0x00, 0x00, 0x00, 0x00, 0x00, 0x00, 0x01, 0x5F, 0xFF, 0xF5, 0x55, 0x55, 0x55, 0x55, 0x55,
        0x55, 0x55, 0x55, 0x55, 0x55, 0x5F, 0xFF, 0xF8, 0x10, 0x00, 0x00, 0x00, 0x00, 0x00, 0x00, 0x00,
        0x00, 0x00, 0x00, 0x00, 0x00, 0x00, 0x00, 0x01, 0x5F, 0xFF, 0x51, 0x11, 0x11, 0x11, 0x11, 0x11,
        0x11, 0x11, 0x11, 0x11, 0x11, 0x15, 0xFF, 0xF8, 0x10, 0x00, 0x00, 0x00, 0x00, 0x00, 0x00, 0x00,
        0x00, 0x00, 0x00, 0x00, 0x00, 0x00, 0x00, 0x01, 0x5F, 0xFF, 0x84, 0x44, 0x44, 0x44, 0x44, 0x44,
        0x44, 0x44, 0x44, 0x44, 0x44, 0x48, 0xFF, 0xF8, 0x10, 0x00, 0x00, 0x00, 0x00, 0x00, 0x00, 0x00,
        0x00, 0x00, 0x00, 0x00, 0x00, 0x00, 0x00, 0x01, 0x5F, 0xFF, 0xFF, 0xFF, 0xFF, 0xFF, 0xFF, 0xFF,
        0xFF, 0xFF, 0xFF, 0xFF, 0xFF, 0xFF, 0xFF, 0xF5, 0x10, 0x00, 0x00, 0x00, 0x00, 0x00, 0x00, 0x00,
        0x00, 0x00, 0x00, 0x00, 0x00, 0x00, 0x00, 0x01, 0x5F, 0xFF, 0xFF, 0xFF, 0xFF, 0xFF, 0xFF, 0xFF,
        0xFF, 0xFF, 0xFF, 0xFF, 0xFF, 0x42, 0x11, 0x11, 0x10, 0x00, 0x00, 0x00, 0x00, 0x00, 0x00, 0x00,
        0x00, 0x00, 0x00, 0x00, 0x00, 0x00, 0x00, 0x01, 0x5F, 0xFF, 0xFF, 0xFF, 0xFF, 0xFF, 0xFF, 0xFF,
        0xFF, 0xFF, 0xFF, 0xFF, 0xF4, 0x16, 0x77, 0x76, 0x10, 0x00, 0x00, 0x00, 0x00, 0x00, 0x00, 0x00,
        0x00, 0x00, 0x00, 0x00, 0x00, 0x00, 0x00, 0x01, 0x5F, 0xFF, 0xFF, 0xFF, 0xFF, 0xFF, 0xFF, 0xFF,
        0xFF, 0xFF, 0xFF, 0xFF, 0xF4, 0x69, 0x99, 0x71, 0x10, 0x00, 0x00, 0x00, 0x00, 0x00, 0x00, 0x00,
        0x00, 0x00, 0x00, 0x00, 0x00, 0x00, 0x00, 0x01, 0x5F, 0xFF, 0xFF, 0xFF, 0xFF, 0xFF, 0xFF, 0xFF,
        0xFF, 0xFF, 0xFF, 0xFF, 0xF2, 0x69, 0x97, 0x11, 0x00, 0x00, 0x00, 0x00, 0x00, 0x00, 0x00, 0x00,
        0x00, 0x00, 0x00, 0x00, 0x00, 0x00, 0x00, 0x01, 0x5F, 0xFF, 0xFF, 0xFF, 0xFF, 0xFF, 0xFF, 0xFF,
        0xFF, 0xFF, 0xFF, 0xFF, 0xF2, 0x69, 0x71, 0x10, 0x00, 0x00, 0x00, 0x00, 0x00, 0x00, 0x00, 0x00,
        0x00, 0x00, 0x00, 0x00, 0x00, 0x00, 0x00, 0x01, 0x5F, 0xFF, 0xFF, 0xFF, 0xFF, 0xFF, 0xFF, 0xFF,
        0xFF, 0xFF, 0xFF, 0xFF, 0xF2, 0x67, 0x11, 0x00, 0x00, 0x00, 0x00, 0x00, 0x00, 0x00, 0x00, 0x00,
        0x00, 0x00, 0x00, 0x00, 0x00, 0x00, 0x00, 0x01, 0x4F, 0xFF, 0xFF, 0xFF, 0xFF, 0xFF, 0xFF, 0xFF,
        0xFF, 0xFF, 0xFF, 0xFF, 0xF2, 0x61, 0x10, 0x00, 0x00, 0x00, 0x00, 0x00, 0x00, 0x00, 0x00, 0x00,
        0x00, 0x00, 0x00, 0x00, 0x00, 0x00, 0x00, 0x00, 0x12, 0x44, 0x44, 0x44, 0x44, 0x44, 0x44, 0x44,
        0x44, 0x44, 0x44, 0x44, 0x41, 0x11, 0x00, 0x00, 0x00, 0x00, 0x00, 0x00, 0x00, 0x00, 0x00, 0x00,
        0x00, 0x00, 0x00, 0x00, 0x00, 0x00, 0x00, 0x00, 0x00, 0x11, 0x11, 0x11, 0x11, 0x11, 0x11, 0x11,
        0x11, 0x11, 0x11, 0x11, 0x11, 0x00, 0x00, 0x00, 0x00, 0x00, 0x00, 0x00, 0x00, 0x00, 0x00, 0x00,
        0x00, 0x00, 0x00, 0x00, 0x00, 0x00, 0x00, 0x00, 0x00, 0x00, 0x00, 0x00, 0x00, 0x00, 0x00, 0x00,
        0x00, 0x00, 0x00, 0x00, 0x00, 0x00, 0x00, 0x00, 0x00, 0x00, 0x00, 0x00, 0x00, 0x00, 0x00, 0x00,
        0x00, 0x00, 0x00, 0x00, 0x00, 0x00, 0x00, 0x00, 0x00, 0x00, 0x00, 0x00, 0x00, 0x00, 0x00, 0x00,
        0x00, 0x00, 0x00, 0x00, 0x00, 0x00, 0x00, 0x00, 0x00, 0x00, 0x00, 0x00, 0x00, 0x00, 0x00, 0x00,
        0x00, 0x00, 0x00, 0x00, 0x00, 0x00, 0x00, 0x00, 0x00, 0x00, 0x00, 0x00, 0x00, 0x00, 0x00, 0x00,
        0x00, 0x00, 0x00, 0x00, 0x00, 0x00, 0x00, 0x00, 0x00, 0x00, 0x00, 0x00, 0x00, 0x00, 0x00, 0x00,
        0x00, 0x00, 0x00, 0x00, 0x00, 0x00, 0x00, 0x00, 0x00, 0x00, 0x00, 0x00, 0x00, 0x00, 0x00, 0x00,
        0x00, 0x00, 0x00, 0x00, 0x00, 0x00, 0x00, 0x00, 0x00, 0x00, 0x00, 0x00, 0x00, 0x00, 0x00, 0x00,
        0x00, 0x00, 0x00, 0x00, 0x00, 0x00, 0x00, 0x00, 0x00, 0x00, 0x00, 0x00, 0x00, 0x00, 0x00, 0x00,
        0x00, 0x00, 0x00, 0x00, 0x00, 0x00, 0x00, 0x00, 0x00, 0x00, 0x00, 0x00, 0x00, 0x00, 0x00, 0x00,
    ],
};

/// `settings.png`, 64x64.
#[rustfmt::skip]
pub const SETTINGS: Indexed = Indexed {
    width: 64,
    height: 64,
    palette: PALETTE,
    pixels: &[
        0x00, 0x00, 0x00, 0x00, 0x00, 0x00, 0x00, 0x00, 0x00, 0x00, 0x00, 0x00, 0x00, 0x00, 0x00, 0x00,
        0x00, 0x00, 0x00, 0x00, 0x00, 0x00, 0x00, 0x00, 0x00, 0x00, 0x00, 0x00, 0x00, 0x00, 0x00, 0x00,
        0x00, 0x00, 0x00, 0x00, 0x00, 0x00, 0x00, 0x00, 0x00, 0x00, 0x00, 0x00, 0x00, 0x00, 0x00, 0x00,
        0x00, 0x00, 0x00, 0x00, 0x00, 0x00, 0x00, 0x00, 0x00, 0x00, 0x00, 0x00, 0x00, 0x00, 0x00, 0x00,
        0x00, 0x00, 0x00, 0x00, 0x00, 0x00, 0x00, 0x00, 0x00, 0x00, 0x00, 0x00, 0x00, 0x01, 0x11, 0x11,
        0x11, 0x11, 0x10, 0x00, 0x00, 0x00, 0x00, 0x00, 0x00, 0x00, 0x00, 0x00, 0x00, 0x00, 0x00, 0x00,
        0x00, 0x00, 0x00, 0x00, 0x00, 0x00, 0x00, 0x00, 0x00, 0x00, 0x00, 0x00, 0x01, 0x11, 0x11, 0x11,
        0x11, 0x11, 0x11, 0x10, 0x00, 0x00, 0x00, 0x00, 0x00, 0x00, 0x00, 0x00, 0x00, 0x00, 0x00, 0x00,
        0x00, 0x00, 0x00, 0x00, 0x00, 0x00, 0x00, 0x00, 0x00, 0x00, 0x00, 0x00, 0x11, 0x14, 0x44, 0x44,
        0x44, 0x44, 0x42, 0x11, 0x00, 0x00, 0x00, 0x00, 0x00, 0x00, 0x00, 0x00, 0x00, 0x00, 0x00, 0x00,
        0x00, 0x00, 0x00, 0x00, 0x00, 0x00, 0x00, 0x00, 0x00, 0x00, 0x00, 0x00, 0x11, 0x44, 0x44, 0x44,
        0x44, 0x44, 0x44, 0x11, 0x00, 0x00, 0x00, 0x00, 0x00, 0x00, 0x00, 0x00, 0x00, 0x00, 0x00, 0x00,
        0x00, 0x00, 0x00, 0x00, 0x00, 0x00, 0x00, 0x00, 0x00, 0x00, 0x00, 0x00, 0x11, 0x44, 0x44, 0x44,
        0x44, 0x44, 0x44, 0x11, 0x00, 0x00, 0x00, 0x00, 0x00, 0x00, 0x00, 0x00, 0x00, 0x00, 0x00, 0x00,
        0x00, 0x00, 0x00, 0x00, 0x00, 0x00, 0x00, 0x00, 0x00, 0x00, 0x00, 0x00, 0x12, 0x44, 0x44, 0x44,
        0x44, 0x44, 0x44, 0x21, 0x00, 0x00, 0x00, 0x00, 0x00, 0x00, 0x00, 0x00, 0x00, 0x00, 0x00, 0x00,
        0x00, 0x00, 0x00, 0x00, 0x00, 0x00, 0x00, 0x00, 0x00, 0x00, 0x00, 0x00, 0x12, 0x44, 0x44, 0x44,
        0x44, 0x44, 0x44, 0x21, 0x00, 0x00, 0x00, 0x00, 0x00, 0x00, 0x00, 0x00, 0x00, 0x00, 0x00, 0x00,
        0x00, 0x00, 0x00, 0x00, 0x00, 0x00, 0x00, 0x00, 0x00, 0x00, 0x00, 0x00, 0x12, 0x44, 0x44, 0x44,
        0x44, 0x44, 0x44, 0x21, 0x00, 0x00, 0x00, 0x00, 0x00, 0x00, 0x00, 0x00, 0x00, 0x00, 0x00, 0x00,
        0x00, 0x00, 0x00, 0x00, 0x00, 0x00, 0x00, 0x00, 0x00, 0x00, 0x00, 0x01, 0x12, 0x44, 0x44, 0x44,
        0x44, 0x44, 0x44, 0x21, 0x10, 0x00, 0x00, 0x00, 0x00, 0x00, 0x00, 0x00, 0x00, 0x00, 0x00, 0x00,
        0x00, 0x00, 0x00, 0x00, 0x00, 0x00, 0x00, 0x00, 0x00, 0x00, 0x01, 0x11, 0x14, 0x44, 0x44, 0x44,
        0x44, 0x44, 0x44, 0x41, 0x11, 0x00, 0x00, 0x00, 0x00, 0x00, 0x00, 0x00, 0x00, 0x00, 0x00, 0x00,
        0x00, 0x00, 0x00, 0x00, 0x01, 0x11, 0x10, 0x00, 0x00, 0x00, 0x11, 0x12, 0x44, 0x44, 0x44, 0x44,
        0x44, 0x44, 0x44, 0x44, 0x21, 0x11, 0x00, 0x00, 0x00, 0x01, 0x11, 0x10, 0x00, 0x00, 0x00, 0x00,
        0x00, 0x00, 0x00, 0x00, 0x11, 0x11, 0x11, 0x10, 0x00, 0x11, 0x12, 0x44, 0x44, 0x44, 0x44, 0x44,
        0x44, 0x44, 0x44, 0x44, 0x44, 0x21, 0x11, 0x00, 0x01, 0x11, 0x11, 0x11, 0x00, 0x00, 0x00, 0x00,
        0x00, 0x00, 0x00, 0x01, 0x14, 0x44, 0x21, 0x11, 0x11, 0x11, 0x44, 0x44, 0x44, 0x44, 0x44, 0x44,
        0x44, 0x44, 0x44, 0x44, 0x44, 0x44, 0x11, 0x11, 0x11, 0x12, 0x44, 0x21, 0x10, 0x00, 0x00, 0x00,
        0x00, 0x00, 0x00, 0x01, 0x24, 0x44, 0x44, 0x21, 0x11, 0x24, 0x44, 0x44, 0x44, 0x21, 0x11, 0x11,
        0x11, 0x11, 0x12, 0x44, 0x44, 0x44, 0x42, 0x11, 0x12, 0x44, 0x44, 0x42, 0x10, 0x00, 0x00, 0x00,
        0x00, 0x00, 0x00, 0x11, 0x44, 0x44, 0x44, 0x44, 0x24, 0x42, 0x44, 0x44, 0x21, 0x11, 0x10, 0x00,
        0x00, 0x01, 0x11, 0x12, 0x44, 0x44, 0x24, 0x42, 0x44, 0x44, 0x44, 0x44, 0x11, 0x00, 0x00, 0x00,
        0x00, 0x00, 0x01, 0x12, 0x44, 0x44, 0x44, 0x44, 0x44, 0x11, 0x11, 0x11, 0x11, 0x00, 0x00, 0x00,
        0x00, 0x00, 0x00, 0x11, 0x11, 0x11, 0x11, 0x44, 0x44, 0x44, 0x44, 0x44, 0x21, 0x10, 0x00, 0x00,
        0x00, 0x00, 0x01, 0x14, 0x44, 0x44, 0x44, 0x44, 0x41, 0x16, 0x61, 0x11, 0x00, 0x00, 0x00, 0x00,
        0x00, 0x00, 0x00, 0x00, 0x11, 0x16, 0x61, 0x14, 0x44, 0x44, 0x44, 0x44, 0x41, 0x10, 0x00, 0x00,
        0x00, 0x00, 0x11, 0x44, 0x44, 0x44, 0x44, 0x44, 0x21, 0x67, 0x77, 0x61, 0x10, 0x00, 0x00, 0x00,
        0x00, 0x00, 0x00, 0x01, 0x16, 0x77, 0x76, 0x14, 0x44, 0x44, 0x44, 0x44, 0x44, 0x11, 0x00, 0x00,
        0x00, 0x00, 0x12, 0x44, 0x44, 0x44, 0x44, 0x44, 0x21, 0x67, 0x97, 0x76, 0x11, 0x00, 0x00, 0x00,
        0x00, 0x00, 0x00, 0x11, 0x67, 0x79, 0x76, 0x12, 0x44, 0x44, 0x44, 0x44, 0x44, 0x11, 0x00, 0x00,
        0x00, 0x01, 0x14, 0x44, 0x44, 0x44, 0x44, 0x44, 0x11, 0x79, 0x88, 0x77, 0x61, 0x10, 0x00, 0x00,
        0x00, 0x00, 0x01, 0x16, 0x77, 0x88, 0x97, 0x11, 0x44, 0x44, 0x44, 0x44, 0x44, 0x41, 0x10, 0x00,
        0x00, 0x01, 0x14, 0x44, 0x44, 0x44, 0x44, 0x44, 0x11, 0x78, 0x88, 0x87, 0x76, 0x11, 0x11, 0x11,
        0x11, 0x11, 0x11, 0x67, 0x78, 0x88, 0x87, 0x11, 0x44, 0x44, 0x44, 0x44, 0x44, 0x41, 0x10, 0x00,
        0x00, 0x01, 0x12, 0x44, 0x44, 0x44, 0x44, 0x44, 0x16, 0x78, 0x88, 0x88, 0x61, 0x11, 0x11, 0x66,
        0x66, 0x11, 0x11, 0x16, 0x88, 0x88, 0x87, 0x11, 0x44, 0x44, 0x44, 0x44, 0x44, 0x21, 0x00, 0x00,
        0x00, 0x00, 0x11, 0x24, 0x44, 0x44, 0x44, 0x44, 0x16, 0x78, 0x88, 0x84, 0x11, 0x66, 0x66, 0x67,
        0x76, 0x66, 0x66, 0x11, 0x48, 0x88, 0x87, 0x11, 0x44, 0x44, 0x44, 0x44, 0x42, 0x11, 0x00, 0x00,
        0x00, 0x00, 0x01, 0x11, 0x44, 0x44, 0x44, 0x41, 0x11, 0x79, 0x84, 0x11, 0x67, 0x77, 0x66, 0x67,
        0x76, 0x66, 0x77, 0x76, 0x11, 0x48, 0x97, 0x11, 0x14, 0x44, 0x44, 0x44, 0x11, 0x10, 0x00, 0x00,
        0x00, 0x00, 0x00, 0x01, 0x12, 0x44, 0x44, 0x41, 0x11, 0x79, 0x41, 0x67, 0x77, 0x77, 0x76, 0x67,
        0x76, 0x66, 0x77, 0x77, 0x66, 0x14, 0x97, 0x11, 0x14, 0x44, 0x44, 0x21, 0x10, 0x00, 0x00, 0x00,
        0x00, 0x00, 0x00, 0x00, 0x11, 0x24, 0x44, 0x21, 0x11, 0x76, 0x16, 0x77, 0x77, 0x77, 0x76, 0x67,
        0x76, 0x66, 0x77, 0x77, 0x77, 0x61, 0x66, 0x11, 0x12, 0x44, 0x41, 0x11, 0x00, 0x00, 0x00, 0x00,
        0x00, 0x00, 0x00, 0x00, 0x01, 0x24, 0x44, 0x21, 0x01, 0x61, 0x67, 0x77, 0x77, 0x77, 0x76, 0x67,
        0x76, 0x67, 0x77, 0x77, 0x77, 0x76, 0x16, 0x10, 0x12, 0x44, 0x41, 0x10, 0x00, 0x00, 0x00, 0x00,
        0x00, 0x00, 0x00, 0x00, 0x01, 0x24, 0x44, 0x11, 0x01, 0x16, 0x77, 0x77, 0x77, 0x77, 0x76, 0x67,
        0x76, 0x67, 0x77, 0x77, 0x77, 0x77, 0x11, 0x10, 0x11, 0x44, 0x42, 0x10, 0x00, 0x00, 0x00, 0x00,
        0x00, 0x00, 0x00, 0x00, 0x01, 0x24, 0x44, 0x11, 0x01, 0x16, 0x77, 0x77, 0x77, 0x77, 0x77, 0x77,
        0x77, 0x77, 0x77, 0x77, 0x77, 0x77, 0x61, 0x10, 0x11, 0x44, 0x42, 0x10, 0x00, 0x00, 0x00, 0x00,
        0x00, 0x00, 0x00, 0x00, 0x01, 0x24, 0x44, 0x11, 0x01, 0x67, 0x77, 0x77, 0x76, 0x77, 0x77, 0x77,
        0x77, 0x77, 0x77, 0x67, 0x77, 0x77, 0x76, 0x10, 0x11, 0x44, 0x42, 0x10, 0x00, 0x00, 0x00, 0x00,
        0x00, 0x00, 0x00, 0x00, 0x01, 0x24, 0x44, 0x11, 0x01, 0x67, 0x77, 0x76, 0x11, 0x17, 0x77, 0x77,
        0x77, 0x77, 0x61, 0x11, 0x77, 0x77, 0x76, 0x10, 0x11, 0x44, 0x42, 0x10, 0x00, 0x00, 0x00, 0x00,
        0x00, 0x00, 0x00, 0x00, 0x01, 0x24, 0x44, 0x11, 0x11, 0x77, 0x77, 0x76, 0x11, 0x16, 0x79, 0x8F,
        0x88, 0x97, 0x61, 0x11, 0x67, 0x77, 0x76, 0x10, 0x11, 0x44, 0x42, 0x10, 0x00, 0x00, 0x00, 0x00,
        0x00, 0x00, 0x00, 0x00, 0x01, 0x24, 0x44, 0x11, 0x16, 0x77, 0x77, 0x76, 0x11, 0x17, 0x8F, 0xF5,
        0x8F, 0xF8, 0x61, 0x11, 0x67, 0x77, 0x77, 0x11, 0x12, 0x44, 0x42, 0x10, 0x00, 0x00, 0x00, 0x00,
        0x00, 0x00, 0x00, 0x00, 0x01, 0x14, 0x44, 0x21, 0x16, 0x77, 0x77, 0x77, 0x66, 0x78, 0xF5, 0x44,
        0x44, 0xFF, 0x87, 0x66, 0x77, 0x77, 0x77, 0x11, 0x12, 0x44, 0x41, 0x10, 0x00, 0x00, 0x00, 0x00,
        0x00, 0x00, 0x00, 0x00, 0x11, 0x24, 0x44, 0x41, 0x16, 0x77, 0x98, 0x88, 0x88, 0xFF, 0xF5, 0x48,
        0x84, 0xFF, 0xFF, 0x88, 0x88, 0x89, 0x77, 0x11, 0x14, 0x44, 0x41, 0x11, 0x00, 0x00, 0x00, 0x00,
        0x00, 0x00, 0x00, 0x01, 0x12, 0x44, 0x44, 0x41, 0x16, 0x78, 0xFF, 0xFF, 0xFF, 0xFF, 0x5F, 0x54,
        0x45, 0xF5, 0xFF, 0xFF, 0xFF, 0xFF, 0x87, 0x11, 0x14, 0x44, 0x44, 0x21, 0x10, 0x00, 0x00, 0x00,
        0x00, 0x00, 0x01, 0x11, 0x44, 0x44, 0x44, 0x42, 0x11, 0x8F, 0xFF, 0xFF, 0xFF, 0xFF, 0x44, 0x51,
        0x15, 0x44, 0xFF, 0xFF, 0xFF, 0xFF, 0xF8, 0x11, 0x24, 0x44, 0x44, 0x44, 0x11, 0x10, 0x00, 0x00,
        0x00, 0x00, 0x11, 0x24, 0x44, 0x44, 0x44, 0x44, 0x11, 0x5F, 0xFF, 0xFF, 0xFF, 0xFF, 0x54, 0x44,
        0x44, 0x45, 0xFF, 0xFF, 0xFF, 0xFF, 0xF4, 0x11, 0x44, 0x44, 0x44, 0x44, 0x42, 0x11, 0x00, 0x00,
        0x00, 0x01, 0x12, 0x44, 0x44, 0x44, 0x44, 0x44, 0x21, 0x18, 0xFF, 0xFF, 0xFF, 0xFF, 0xFF, 0xFF,
        0xFF, 0xFF, 0xFF, 0xFF, 0xFF, 0xFF, 0x51, 0x12, 0x44, 0x44, 0x44, 0x44, 0x44, 0x21, 0x00, 0x00,
        0x00, 0x01, 0x14, 0x44, 0x44, 0x44, 0x44, 0x44, 0x41, 0x14, 0x8F, 0xFF, 0xFF, 0xFF, 0xFF, 0xFF,
        0xFF, 0xFF, 0xFF, 0xFF, 0xFF, 0xF5, 0x11, 0x14, 0x44, 0x44, 0x44, 0x44, 0x44, 0x41, 0x10, 0x00,
        0x00, 0x01, 0x14, 0x44, 0x44, 0x44, 0x44, 0x44, 0x44, 0x11, 0x15, 0xFF, 0xFF, 0xFF, 0xFF, 0xFF,
        0xFF, 0xFF, 0xFF, 0xFF, 0xFF, 0x41, 0x11, 0x44, 0x44, 0x44, 0x44, 0x44, 0x44, 0x41, 0x10, 0x00,
        0x00, 0x00, 0x12, 0x44, 0x44, 0x44, 0x44, 0x44, 0x44, 0x41, 0x11, 0x45, 0xFF, 0xFF, 0xFF, 0xFF,
        0xFF, 0xFF, 0xFF, 0xF8, 0x41, 0x11, 0x14, 0x44, 0x44, 0x44, 0x44, 0x44, 0x44, 0x11, 0x00, 0x00,
        0x00, 0x00, 0x11, 0x44, 0x44, 0x44, 0x44, 0x44, 0x44, 0x42, 0x11, 0x11, 0x14, 0x55, 0xFF, 0xFF,
        0xFF, 0xF5, 0x54, 0x41, 0x11, 0x11, 0x44, 0x44, 0x44, 0x44, 0x44, 0x44, 0x42, 0x11, 0x00, 0x00,
        0x00, 0x00, 0x01, 0x14, 0x44, 0x44, 0x44, 0x44, 0x44, 0x44, 0x41, 0x10, 0x01, 0x11, 0x11, 0x22,
        0x21, 0x11, 0x11, 0x10, 0x01, 0x14, 0x44, 0x44, 0x44, 0x44, 0x44, 0x44, 0x41, 0x10, 0x00, 0x00,
        0x00, 0x00, 0x01, 0x12, 0x44, 0x44, 0x44, 0x44, 0x44, 0x44, 0x44, 0x11, 0x10, 0x00, 0x00, 0x00,
        0x00, 0x00, 0x00, 0x01, 0x12, 0x44, 0x44, 0x44, 0x44, 0x44, 0x44, 0x44, 0x21, 0x00, 0x00, 0x00,
        0x00, 0x00, 0x00, 0x11, 0x44, 0x44, 0x44, 0x44, 0x22, 0x44, 0x44, 0x44, 0x11, 0x10, 0x00, 0x00,
        0x00, 0x00, 0x01, 0x11, 0x44, 0x44, 0x44, 0x22, 0x44, 0x44, 0x44, 0x44, 0x11, 0x00, 0x00, 0x00,
        0x00, 0x00, 0x00, 0x01, 0x24, 0x44, 0x44, 0x21, 0x11, 0x14, 0x44, 0x44, 0x44, 0x21, 0x11, 0x11,
        0x11, 0x11, 0x12, 0x44, 0x44, 0x44, 0x41, 0x11, 0x12, 0x44, 0x44, 0x41, 0x10, 0x00, 0x00, 0x00,
        0x00, 0x00, 0x00, 0x01, 0x12, 0x44, 0x21, 0x11, 0x01, 0x11, 0x44, 0x44, 0x44, 0x44, 0x44, 0x22,
        0x22, 0x44, 0x44, 0x44, 0x44, 0x44, 0x11, 0x10, 0x11, 0x12, 0x44, 0x21, 0x10, 0x00, 0x00, 0x00,
        0x00, 0x00, 0x00, 0x00, 0x11, 0x11, 0x11, 0x00, 0x00, 0x01, 0x12, 0x44, 0x44, 0x44, 0x44, 0x44,
        0x44, 0x44, 0x44, 0x44, 0x44, 0x11, 0x10, 0x00, 0x00, 0x11, 0x11, 0x11, 0x00, 0x00, 0x00, 0x00,
        0x00, 0x00, 0x00, 0x00, 0x01, 0x11, 0x00, 0x00, 0x00, 0x00, 0x11, 0x12, 0x44, 0x44, 0x44, 0x44,
        0x44, 0x44, 0x44, 0x44, 0x11, 0x11, 0x00, 0x00, 0x00, 0x00, 0x11, 0x00, 0x00, 0x00, 0x00, 0x00,
        0x00, 0x00, 0x00, 0x00, 0x00, 0x00, 0x00, 0x00, 0x00, 0x00, 0x00, 0x11, 0x12, 0x44, 0x44, 0x44,
        0x44, 0x44, 0x44, 0x21, 0x11, 0x00, 0x00, 0x00, 0x00, 0x00, 0x00, 0x00, 0x00, 0x00, 0x00, 0x00,
        0x00, 0x00, 0x00, 0x00, 0x00, 0x00, 0x00, 0x00, 0x00, 0x00, 0x00, 0x00, 0x12, 0x44, 0x44, 0x44,
        0x44, 0x44, 0x44, 0x21, 0x00, 0x00, 0x00, 0x00, 0x00, 0x00, 0x00, 0x00, 0x00, 0x00, 0x00, 0x00,
        0x00, 0x00, 0x00, 0x00, 0x00, 0x00, 0x00, 0x00, 0x00, 0x00, 0x00, 0x00, 0x12, 0x44, 0x44, 0x44,
        0x44, 0x44, 0x44, 0x21, 0x00, 0x00, 0x00, 0x00, 0x00, 0x00, 0x00, 0x00, 0x00, 0x00, 0x00, 0x00,
        0x00, 0x00, 0x00, 0x00, 0x00, 0x00, 0x00, 0x00, 0x00, 0x00, 0x00, 0x00, 0x12, 0x44, 0x44, 0x44,
        0x44, 0x44, 0x44, 0x21, 0x00, 0x00, 0x00, 0x00, 0x00, 0x00, 0x00, 0x00, 0x00, 0x00, 0x00, 0x00,
        0x00, 0x00, 0x00, 0x00, 0x00, 0x00, 0x00, 0x00, 0x00, 0x00, 0x00, 0x00, 0x12, 0x44, 0x44, 0x44,
        0x44, 0x44, 0x44, 0x11, 0x00, 0x00, 0x00, 0x00, 0x00, 0x00, 0x00, 0x00, 0x00, 0x00, 0x00, 0x00,
        0x00, 0x00, 0x00, 0x00, 0x00, 0x00, 0x00, 0x00, 0x00, 0x00, 0x00, 0x00, 0x12, 0x44, 0x44, 0x44,
        0x44, 0x44, 0x44, 0x11, 0x00, 0x00, 0x00, 0x00, 0x00, 0x00, 0x00, 0x00, 0x00, 0x00, 0x00, 0x00,
        0x00, 0x00, 0x00, 0x00, 0x00, 0x00, 0x00, 0x00, 0x00, 0x00, 0x00, 0x00, 0x11, 0x44, 0x44, 0x44,
        0x44, 0x44, 0x44, 0x11, 0x00, 0x00, 0x00, 0x00, 0x00, 0x00, 0x00, 0x00, 0x00, 0x00, 0x00, 0x00,
        0x00, 0x00, 0x00, 0x00, 0x00, 0x00, 0x00, 0x00, 0x00, 0x00, 0x00, 0x00, 0x01, 0x11, 0x11, 0x11,
        0x11, 0x11, 0x11, 0x10, 0x00, 0x00, 0x00, 0x00, 0x00, 0x00, 0x00, 0x00, 0x00, 0x00, 0x00, 0x00,
        0x00, 0x00, 0x00, 0x00, 0x00, 0x00, 0x00, 0x00, 0x00, 0x00, 0x00, 0x00, 0x00, 0x11, 0x11, 0x11,
        0x11, 0x11, 0x11, 0x00, 0x00, 0x00, 0x00, 0x00, 0x00, 0x00, 0x00, 0x00, 0x00, 0x00, 0x00, 0x00,
        0x00, 0x00, 0x00, 0x00, 0x00, 0x00, 0x00, 0x00, 0x00, 0x00, 0x00, 0x00, 0x00, 0x00, 0x00, 0x00,
        0x00, 0x00, 0x00, 0x00, 0x00, 0x00, 0x00, 0x00, 0x00, 0x00, 0x00, 0x00, 0x00, 0x00, 0x00, 0x00,
        0x00, 0x00, 0x00, 0x00, 0x00, 0x00, 0x00, 0x00, 0x00, 0x00, 0x00, 0x00, 0x00, 0x00, 0x00, 0x00,
        0x00, 0x00, 0x00, 0x00, 0x00, 0x00, 0x00, 0x00, 0x00, 0x00, 0x00, 0x00, 0x00, 0x00, 0x00, 0x00,
        0x00, 0x00, 0x00, 0x00, 0x00, 0x00, 0x00, 0x00, 0x00, 0x00, 0x00, 0x00, 0x00, 0x00, 0x00, 0x00,
        0x00, 0x00, 0x00, 0x00, 0x00, 0x00, 0x00, 0x00, 0x00, 0x00, 0x00, 0x00, 0x00, 0x00, 0x00, 0x00,
    ],
};

/// `sign.png`, 64x64.
#[rustfmt::skip]
pub const SIGN: Indexed = Indexed {
    width: 64,
    height: 64,
    palette: PALETTE,
    pixels: &[
        0x00, 0x00, 0x00, 0x00, 0x00, 0x00, 0x00, 0x00, 0x00, 0x00, 0x00, 0x00, 0x00, 0x00, 0x00, 0x00,
        0x00, 0x00, 0x00, 0x00, 0x00, 0x00, 0x00, 0x00, 0x00, 0x00, 0x00, 0x00, 0x00, 0x00, 0x00, 0x00,
        0x00, 0x00, 0x00, 0x00, 0x00, 0x00, 0x00, 0x00, 0x00, 0x00, 0x00, 0x00, 0x00, 0x00, 0x00, 0x00,
        0x00, 0x00, 0x00, 0x00, 0x00, 0x00, 0x00, 0x00, 0x00, 0x00, 0x00, 0x00, 0x00, 0x00, 0x00, 0x00,
        0x00, 0x00, 0x00, 0x00, 0x00, 0x00, 0x00, 0x00, 0x00, 0x00, 0x00, 0x00, 0x00, 0x00, 0x00, 0x00,
        0x00, 0x00, 0x00, 0x00, 0x00, 0x00, 0x00, 0x00, 0x00, 0x00, 0x00, 0x00, 0x00, 0x00, 0x00, 0x00,
        0x00, 0x00, 0x00, 0x00, 0x00, 0x00, 0x00, 0x00, 0x00, 0x00, 0x00, 0x00, 0x00, 0x00, 0x00, 0x00,
        0x00, 0x00, 0x00, 0x00, 0x00, 0x00, 0x00, 0x00, 0x00, 0x00, 0x00, 0x00, 0x00, 0x00, 0x00, 0x00,
        0x00, 0x00, 0x00, 0x00, 0x00, 0x00, 0x00, 0x00, 0x00, 0x01, 0x11, 0x10, 0x00, 0x00, 0x00, 0x00,
        0x00, 0x00, 0x00, 0x00, 0x00, 0x00, 0x00, 0x01, 0x11, 0x10, 0x00, 0x00, 0x00, 0x00, 0x00, 0x00,
        0x00, 0x00, 0x00, 0x00, 0x00, 0x00, 0x00, 0x00, 0x00, 0x11, 0x66, 0x11, 0x10, 0x00, 0x00, 0x00,
        0x00, 0x00, 0x00, 0x00, 0x00, 0x00, 0x01, 0x11, 0x66, 0x10, 0x00, 0x00, 0x00, 0x00, 0x00, 0x00,
        0x00, 0x00, 0x00, 0x00, 0x00, 0x00, 0x00, 0x00, 0x00, 0x16, 0x77, 0x76, 0x11, 0x00, 0x00, 0x00,
        0x00, 0x00, 0x00, 0x00, 0x00, 0x00, 0x11, 0x67, 0x77, 0x61, 0x00, 0x00, 0x00, 0x00, 0x00, 0x00,
        0x00, 0x00, 0x00, 0x00, 0x00, 0x00, 0x00, 0x00, 0x00, 0x16, 0x77, 0x77, 0x61, 0x10, 0x00, 0x00,
        0x00, 0x00, 0x00, 0x00, 0x00, 0x01, 0x66, 0x77, 0x77, 0x61, 0x00, 0x00, 0x00, 0x00, 0x00, 0x00,
        0x00, 0x00, 0x00, 0x00, 0x00, 0x00, 0x00, 0x00, 0x00, 0x16, 0x98, 0x87, 0x76, 0x61, 0x00, 0x00,
        0x00, 0x00, 0x00, 0x00, 0x01, 0x16, 0x77, 0x78, 0x87, 0x61, 0x00, 0x00, 0x00, 0x00, 0x00, 0x00,
        0x00, 0x00, 0x00, 0x00, 0x00, 0x00, 0x00, 0x00, 0x01, 0x17, 0x98, 0x88, 0x97, 0x76, 0x11, 0x11,
        0x11, 0x11, 0x11, 0x11, 0x11, 0x67, 0x79, 0x88, 0x89, 0x61, 0x00, 0x00, 0x00, 0x00, 0x00, 0x00,
        0x00, 0x00, 0x00, 0x00, 0x00, 0x00, 0x00, 0x00, 0x01, 0x17, 0x88, 0x88, 0x89, 0x77, 0x61, 0x16,
        0x66, 0x66, 0x66, 0x61, 0x16, 0x77, 0x98, 0x88, 0x89, 0x61, 0x00, 0x00, 0x00, 0x00, 0x00, 0x00,
        0x00, 0x00, 0x00, 0x00, 0x00, 0x00, 0x00, 0x00, 0x01, 0x17, 0x88, 0x88, 0x88, 0x77, 0x76, 0x76,
        0x66, 0x77, 0x66, 0x67, 0x67, 0x77, 0x88, 0x88, 0x89, 0x61, 0x00, 0x00, 0x00, 0x00, 0x00, 0x00,
        0x00, 0x00, 0x00, 0x00, 0x00, 0x00, 0x00, 0x00, 0x01, 0x17, 0x88, 0x88, 0x97, 0x77, 0x77, 0x76,
        0x66, 0x77, 0x66, 0x67, 0x77, 0x77, 0x78, 0x88, 0x89, 0x61, 0x00, 0x00, 0x00, 0x00, 0x00, 0x00,
        0x00, 0x00, 0x00, 0x00, 0x00, 0x00, 0x00, 0x00, 0x01, 0x17, 0x88, 0x87, 0x77, 0x77, 0x77, 0x76,
        0x66, 0x77, 0x66, 0x67, 0x77, 0x77, 0x77, 0x98, 0x89, 0x61, 0x00, 0x00, 0x00, 0x00, 0x00, 0x00,
        0x00, 0x00, 0x00, 0x00, 0x00, 0x00, 0x00, 0x00, 0x01, 0x17, 0x88, 0x77, 0x77, 0x77, 0x77, 0x76,
        0x66, 0x77, 0x66, 0x67, 0x77, 0x77, 0x77, 0x79, 0x89, 0x61, 0x00, 0x00, 0x00, 0x00, 0x00, 0x00,
        0x00, 0x00, 0x00, 0x00, 0x00, 0x00, 0x00, 0x00, 0x00, 0x16, 0x97, 0x77, 0x77, 0x77, 0x77, 0x76,
        0x66, 0x77, 0x66, 0x67, 0x77, 0x77, 0x77, 0x77, 0x97, 0x61, 0x00, 0x00, 0x00, 0x00, 0x00, 0x00,
        0x00, 0x00, 0x00, 0x00, 0x00, 0x00, 0x00, 0x00, 0x00, 0x16, 0x77, 0x77, 0x77, 0x77, 0x77, 0x77,
        0x67, 0x77, 0x76, 0x77, 0x77, 0x77, 0x77, 0x77, 0x77, 0x61, 0x00, 0x00, 0x00, 0x00, 0x00, 0x00,
        0x00, 0x00, 0x00, 0x00, 0x00, 0x00, 0x00, 0x00, 0x00, 0x16, 0x77, 0x77, 0x77, 0x77, 0x77, 0x77,
        0x77, 0x77, 0x77, 0x77, 0x77, 0x77, 0x77, 0x77, 0x77, 0x11, 0x00, 0x00, 0x00, 0x00, 0x00, 0x00,
        0x00, 0x00, 0x00, 0x00, 0x00, 0x00, 0x00, 0x00, 0x01, 0x16, 0x77, 0x77, 0x77, 0x77, 0x77, 0x77,
        0x77, 0x77, 0x77, 0x77, 0x77, 0x77, 0x77, 0x77, 0x77, 0x61, 0x00, 0x00, 0x00, 0x00, 0x00, 0x00,
        0x00, 0x00, 0x00, 0x00, 0x00, 0x00, 0x00, 0x00, 0x01, 0x67, 0x77, 0x77, 0x77, 0x66, 0x67, 0x77,
        0x77, 0x77, 0x77, 0x77, 0x66, 0x67, 0x77, 0x77, 0x77, 0x71, 0x10, 0x00, 0x00, 0x00, 0x00, 0x00,
        0x00, 0x00, 0x00, 0x00, 0x00, 0x00, 0x00, 0x00, 0x01, 0x67, 0x77, 0x77, 0x76, 0x64, 0x16, 0x77,
        0x77, 0x77, 0x77, 0x77, 0x64, 0x16, 0x77, 0x77, 0x77, 0x76, 0x10, 0x00, 0x00, 0x00, 0x00, 0x00,
        0x00, 0x00, 0x00, 0x00, 0x00, 0x00, 0x00, 0x00, 0x11, 0x77, 0x77, 0x77, 0x76, 0x12, 0x16, 0x77,
        0x78, 0xFF, 0x97, 0x76, 0x14, 0x11, 0x67, 0x77, 0x77, 0x76, 0x10, 0x00, 0x00, 0x00, 0x00, 0x00,
        0x00, 0x00, 0x00, 0x00, 0x00, 0x00, 0x00, 0x00, 0x16, 0x99, 0x97, 0x77, 0x76, 0x11, 0x16, 0x77,
        0x8F, 0xFF, 0xF8, 0x76, 0x11, 0x11, 0x77, 0x77, 0x99, 0x99, 0x10, 0x00, 0x00, 0x00, 0x00, 0x00,
        0x00, 0x00, 0x00, 0x00, 0x00, 0x00, 0x00, 0x00, 0x14, 0xFF, 0xFF, 0xF8, 0x97, 0x66, 0x67, 0x98,
        0xF8, 0x88, 0x8F, 0x87, 0x66, 0x66, 0x79, 0x8F, 0xFF, 0xFF, 0x21, 0x00, 0x00, 0x00, 0x00, 0x00,
        0x00, 0x00, 0x00, 0x00, 0x00, 0x00, 0x00, 0x00, 0x15, 0xF5, 0x44, 0x43, 0x5F, 0x89, 0x98, 0xFF,
        0xF8, 0x88, 0x8F, 0xFF, 0x89, 0x98, 0xF5, 0x44, 0x44, 0xFF, 0x11, 0x00, 0x00, 0x00, 0x00, 0x00,
        0x00, 0x00, 0x00, 0x00, 0x00, 0x00, 0x00, 0x00, 0x14, 0xFF, 0x44, 0x44, 0x4F, 0xFF, 0xFF, 0xFF,
        0xF8, 0x88, 0xFF, 0xFF, 0xFF, 0xFF, 0x84, 0x44, 0x45, 0xFF, 0x10, 0x00, 0x00, 0x00, 0x00, 0x00,
        0x00, 0x00, 0x00, 0x00, 0x00, 0x00, 0x00, 0x00, 0x14, 0xFF, 0xF8, 0x54, 0x4F, 0xFF, 0xFF, 0xFF,
        0xFF, 0xFF, 0xFF, 0xFF, 0xFF, 0xFF, 0xF4, 0x45, 0xFF, 0xF5, 0x10, 0x00, 0x00, 0x00, 0x00, 0x00,
        0x00, 0x00, 0x00, 0x00, 0x00, 0x00, 0x00, 0x00, 0x01, 0x5F, 0x41, 0x24, 0x5F, 0xFF, 0xFF, 0xFF,
        0xFF, 0xFF, 0xFF, 0xFF, 0xFF, 0xFF, 0xF4, 0x42, 0x15, 0xF4, 0x10, 0x00, 0x00, 0x00, 0x00, 0x00,
        0x00, 0x00, 0x00, 0x00, 0x00, 0x00, 0x00, 0x00, 0x01, 0x4F, 0x55, 0xFF, 0xFF, 0xFF, 0xFF, 0xFF,
        0xFF, 0xFF, 0xFF, 0xFF, 0xFF, 0xFF, 0xFF, 0x84, 0x14, 0x51, 0x00, 0x00, 0x00, 0x00, 0x00, 0x00,
        0x00, 0x00, 0x00, 0x00, 0x00, 0x00, 0x00, 0x00, 0x00, 0x14, 0xFF, 0xFF, 0xFF, 0xFF, 0xFF, 0xFF,
        0xFF, 0xFF, 0xFF, 0xFF, 0xFF, 0xFF, 0xF5, 0x24, 0x44, 0x11, 0x00, 0x00, 0x00, 0x00, 0x00, 0x00,
        0x00, 0x00, 0x00, 0x00, 0x00, 0x00, 0x00, 0x00, 0x00, 0x11, 0x48, 0xFF, 0xFF, 0xFF, 0xFF, 0xFF,
        0xFF, 0xFF, 0xFF, 0xFF, 0xFF, 0xFF, 0x51, 0x48, 0x88, 0x41, 0x00, 0x00, 0x00, 0x00, 0x00, 0x00,
        0x00, 0x00, 0x00, 0x00, 0x00, 0x00, 0x00, 0x01, 0x11, 0x11, 0x11, 0x11, 0x11, 0x11, 0x11, 0x11,
        0x4F, 0xFF, 0xFF, 0xFF, 0xFF, 0xF4, 0x11, 0x48, 0x88, 0x81, 0x00, 0x00, 0x00, 0x00, 0x00, 0x00,
        0x00, 0x00, 0x00, 0x00, 0x00, 0x00, 0x00, 0x11, 0x14, 0x33, 0x34, 0x44, 0x44, 0x44, 0x44, 0x44,
        0x14, 0xFF, 0xFF, 0xFF, 0xFF, 0x41, 0x24, 0x14, 0x88, 0x84, 0x00, 0x00, 0x00, 0x00, 0x00, 0x00,
        0x00, 0x00, 0x00, 0x00, 0x00, 0x00, 0x01, 0x24, 0x4F, 0xFF, 0xFF, 0xFF, 0xFF, 0xFF, 0xFF, 0xFF,
        0x14, 0xFF, 0xFF, 0xFF, 0xF4, 0x14, 0x44, 0x41, 0x48, 0x41, 0x00, 0x00, 0x00, 0x00, 0x00, 0x00,
        0x00, 0x00, 0x00, 0x00, 0x00, 0x00, 0x14, 0x54, 0x4F, 0xFF, 0xFF, 0xFF, 0xFF, 0xFF, 0xFF, 0xFF,
        0x14, 0xFF, 0xFF, 0xF8, 0x41, 0x61, 0x44, 0x44, 0x14, 0x11, 0x00, 0x00, 0x00, 0x00, 0x00, 0x00,
        0x00, 0x00, 0x00, 0x00, 0x00, 0x01, 0x45, 0x54, 0x4F, 0xFF, 0xFF, 0xFF, 0xFF, 0xFF, 0xFF, 0xFF,
        0x14, 0x88, 0x88, 0x96, 0x17, 0x96, 0x14, 0x44, 0x21, 0x61, 0x10, 0x00, 0x00, 0x00, 0x00, 0x00,
        0x00, 0x00, 0x00, 0x00, 0x00, 0x14, 0x55, 0x54, 0x4F, 0xFF, 0xFF, 0xFF, 0xFF, 0xFF, 0xFF, 0xFF,
        0x16, 0x77, 0x99, 0x61, 0x79, 0x97, 0x61, 0x42, 0x16, 0x76, 0x10, 0x00, 0x00, 0x00, 0x00, 0x00,
        0x00, 0x00, 0x00, 0x00, 0x01, 0x12, 0x22, 0x21, 0x5F, 0xFF, 0xFF, 0xFF, 0xFF, 0xFF, 0xFF, 0xFF,
        0x16, 0x78, 0x84, 0x16, 0x67, 0x77, 0x96, 0x11, 0x67, 0x77, 0x61, 0x00, 0x00, 0x00, 0x00, 0x00,
        0x00, 0x00, 0x00, 0x00, 0x01, 0x25, 0x55, 0x58, 0xFF, 0xFF, 0xFF, 0xFF, 0xFF, 0xFF, 0xFF, 0xFF,
        0x16, 0x84, 0x24, 0x44, 0x41, 0x67, 0x71, 0x16, 0x77, 0x77, 0x61, 0x00, 0x00, 0x00, 0x00, 0x00,
        0x00, 0x00, 0x00, 0x00, 0x01, 0x4F, 0xFF, 0xF5, 0x55, 0x55, 0x55, 0x55, 0x55, 0x55, 0xFF, 0xFF,
        0x14, 0x42, 0x5F, 0xFF, 0xF5, 0x41, 0x11, 0x67, 0x77, 0x77, 0x71, 0x10, 0x00, 0x00, 0x00, 0x00,
        0x00, 0x00, 0x00, 0x00, 0x01, 0x4F, 0xF5, 0x44, 0x44, 0x44, 0x44, 0x44, 0x44, 0x44, 0x3F, 0xFF,
        0x12, 0x25, 0xF8, 0x8F, 0xFF, 0xF5, 0x66, 0x11, 0x67, 0x77, 0x76, 0x10, 0x00, 0x00, 0x00, 0x00,
        0x00, 0x00, 0x00, 0x00, 0x01, 0x4F, 0xF5, 0x55, 0x55, 0x55, 0x55, 0x55, 0x55, 0x55, 0x5F, 0xFF,
        0x11, 0x4F, 0xF8, 0x88, 0xFF, 0xFF, 0x87, 0x66, 0x67, 0x77, 0x76, 0x10, 0x00, 0x00, 0x00, 0x00,
        0x00, 0x00, 0x00, 0x00, 0x01, 0x4F, 0xFF, 0xFF, 0xFF, 0xFF, 0xFF, 0xFF, 0xFF, 0xFF, 0xFF, 0xFF,
        0x11, 0x5F, 0x8F, 0x8F, 0xFF, 0xFF, 0xF7, 0x77, 0x77, 0x77, 0x76, 0x10, 0x00, 0x00, 0x00, 0x00,
        0x00, 0x00, 0x00, 0x00, 0x01, 0x4F, 0xF5, 0x33, 0x33, 0x33, 0x33, 0x33, 0x33, 0x5F, 0xFF, 0xF5,
        0x11, 0x58, 0x88, 0xFF, 0x88, 0xFF, 0xF9, 0x77, 0x77, 0x77, 0x71, 0x10, 0x00, 0x00, 0x00, 0x00,
        0x00, 0x00, 0x00, 0x00, 0x01, 0x4F, 0xF5, 0x44, 0x44, 0x44, 0x44, 0x44, 0x44, 0x5F, 0xFF, 0x51,
        0x66, 0x4F, 0x8F, 0xF8, 0x88, 0x8F, 0xF9, 0x77, 0x77, 0x77, 0x61, 0x00, 0x00, 0x00, 0x00, 0x00,
        0x00, 0x00, 0x00, 0x00, 0x01, 0x4F, 0xFF, 0xFF, 0xFF, 0xFF, 0xFF, 0xFF, 0xFF, 0xFF, 0xF5, 0x16,
        0x97, 0x15, 0x8F, 0xF8, 0x88, 0x8F, 0xF9, 0x77, 0x77, 0x77, 0x61, 0x00, 0x00, 0x00, 0x00, 0x00,
        0x00, 0x00, 0x00, 0x00, 0x01, 0x4F, 0xF5, 0x55, 0x55, 0x55, 0x55, 0x55, 0xFF, 0xFF, 0x51, 0x69,
        0x97, 0x64, 0x88, 0xF8, 0x88, 0x8F, 0xF7, 0x77, 0x77, 0x76, 0x10, 0x00, 0x00, 0x00, 0x00, 0x00,
        0x00, 0x00, 0x00, 0x00, 0x01, 0x4F, 0xF3, 0x44, 0x44, 0x44, 0x44, 0x45, 0xFF, 0xF5, 0x16, 0x99,
        0x77, 0x61, 0x5F, 0xFF, 0xFF, 0xFF, 0x87, 0x77, 0x76, 0x61, 0x00, 0x00, 0x00, 0x00, 0x00, 0x00,
        0x00, 0x00, 0x00, 0x00, 0x01, 0x4F, 0xFF, 0x55, 0x55, 0x55, 0x55, 0x5F, 0xFF, 0xF4, 0x16, 0x77,
        0x79, 0x71, 0x14, 0x45, 0xFF, 0xF8, 0x77, 0x76, 0x61, 0x10, 0x00, 0x00, 0x00, 0x00, 0x00, 0x00,
        0x00, 0x00, 0x00, 0x00, 0x01, 0x4F, 0xFF, 0xFF, 0xFF, 0xFF, 0xFF, 0xFF, 0xFF, 0x81, 0x88, 0x67,
        0x97, 0x11, 0x00, 0x11, 0x24, 0x21, 0x11, 0x11, 0x11, 0x00, 0x00, 0x00, 0x00, 0x00, 0x00, 0x00,
        0x00, 0x00, 0x00, 0x00, 0x01, 0x4F, 0xFF, 0xFF, 0xFF, 0xFF, 0xFF, 0xFF, 0xFF, 0x42, 0x88, 0x86,
        0x71, 0x10, 0x00, 0x00, 0x00, 0x00, 0x11, 0x00, 0x00, 0x00, 0x00, 0x00, 0x00, 0x00, 0x00, 0x00,
        0x00, 0x00, 0x00, 0x00, 0x01, 0x4F, 0xFF, 0xF5, 0x24, 0xFF, 0xFF, 0xFF, 0xFF, 0x24, 0x88, 0x84,
        0x11, 0x00, 0x00, 0x00, 0x00, 0x00, 0x00, 0x00, 0x00, 0x00, 0x00, 0x00, 0x00, 0x00, 0x00, 0x00,
        0x00, 0x00, 0x00, 0x00, 0x01, 0x4F, 0xFF, 0x42, 0x42, 0xFF, 0xFF, 0xFF, 0xF5, 0x14, 0x84, 0x24,
        0x21, 0x00, 0x00, 0x00, 0x00, 0x00, 0x00, 0x00, 0x00, 0x00, 0x00, 0x00, 0x00, 0x00, 0x00, 0x00,
        0x00, 0x00, 0x00, 0x00, 0x01, 0x4F, 0xF5, 0x25, 0x45, 0x54, 0x22, 0x55, 0x84, 0x11, 0x24, 0x5F,
        0x41, 0x00, 0x00, 0x00, 0x00, 0x00, 0x00, 0x00, 0x00, 0x00, 0x00, 0x00, 0x00, 0x00, 0x00, 0x00,
        0x00, 0x00, 0x00, 0x00, 0x01, 0x4F, 0x52, 0x5F, 0x14, 0x24, 0x52, 0x24, 0x42, 0x45, 0xFF, 0xFF,
        0x41, 0x00, 0x00, 0x00, 0x00, 0x00, 0x00, 0x00, 0x00, 0x00, 0x00, 0x00, 0x00, 0x00, 0x00, 0x00,
        0x00, 0x00, 0x00, 0x00, 0x01, 0x4F, 0x54, 0xFF, 0x54, 0x5F, 0xF8, 0x5F, 0xFF, 0xFF, 0xFF, 0xFF,
        0x41, 0x00, 0x00, 0x00, 0x00, 0x00, 0x00, 0x00, 0x00, 0x00, 0x00, 0x00, 0x00, 0x00, 0x00, 0x00,
        0x00, 0x00, 0x00, 0x00, 0x01, 0x4F, 0xFF, 0xFF, 0xFF, 0xFF, 0xFF, 0xFF, 0xFF, 0xFF, 0xFF, 0xFF,
        0x41, 0x00, 0x00, 0x00, 0x00, 0x00, 0x00, 0x00, 0x00, 0x00, 0x00, 0x00, 0x00, 0x00, 0x00, 0x00,
        0x00, 0x00, 0x00, 0x00, 0x01, 0x4F, 0xFF, 0xFF, 0xFF, 0xFF, 0xFF, 0xFF, 0xFF, 0xFF, 0xFF, 0xFF,
        0x41, 0x00, 0x00, 0x00, 0x00, 0x00, 0x00, 0x00, 0x00, 0x00, 0x00, 0x00, 0x00, 0x00, 0x00, 0x00,
        0x00, 0x00, 0x00, 0x00, 0x01, 0x14, 0x55, 0x55, 0x55, 0x55, 0x55, 0x55, 0x55, 0x55, 0x55, 0x55,
        0x21, 0x00, 0x00, 0x00, 0x00, 0x00, 0x00, 0x00, 0x00, 0x00, 0x00, 0x00, 0x00, 0x00, 0x00, 0x00,
        0x00, 0x00, 0x00, 0x00, 0x00, 0x11, 0x11, 0x11, 0x11, 0x11, 0x11, 0x11, 0x11, 0x11, 0x11, 0x11,
        0x10, 0x00, 0x00, 0x00, 0x00, 0x00, 0x00, 0x00, 0x00, 0x00, 0x00, 0x00, 0x00, 0x00, 0x00, 0x00,
        0x00, 0x00, 0x00, 0x00, 0x00, 0x00, 0x00, 0x00, 0x00, 0x00, 0x00, 0x00, 0x00, 0x00, 0x00, 0x00,
        0x00, 0x00, 0x00, 0x00, 0x00, 0x00, 0x00, 0x00, 0x00, 0x00, 0x00, 0x00, 0x00, 0x00, 0x00, 0x00,
        0x00, 0x00, 0x00, 0x00, 0x00, 0x00, 0x00, 0x00, 0x00, 0x00, 0x00, 0x00, 0x00, 0x00, 0x00, 0x00,
        0x00, 0x00, 0x00, 0x00, 0x00, 0x00, 0x00, 0x00, 0x00, 0x00, 0x00, 0x00, 0x00, 0x00, 0x00, 0x00,
        0x00, 0x00, 0x00, 0x00, 0x00, 0x00, 0x00, 0x00, 0x00, 0x00, 0x00, 0x00, 0x00, 0x00, 0x00, 0x00,
        0x00, 0x00, 0x00, 0x00, 0x00, 0x00, 0x00, 0x00, 0x00, 0x00, 0x00, 0x00, 0x00, 0x00, 0x00, 0x00,
        0x00, 0x00, 0x00, 0x00, 0x00, 0x00, 0x00, 0x00, 0x00, 0x00, 0x00, 0x00, 0x00, 0x00, 0x00, 0x00,
        0x00, 0x00, 0x00, 0x00, 0x00, 0x00, 0x00, 0x00, 0x00, 0x00, 0x00, 0x00, 0x00, 0x00, 0x00, 0x00,
    ],
};

/// `utils.png`, 64x64.
#[rustfmt::skip]
pub const UTILS: Indexed = Indexed {
    width: 64,
    height: 64,
    palette: PALETTE,
    pixels: &[
        0x00, 0x00, 0x00, 0x00, 0x00, 0x00, 0x00, 0x00, 0x00, 0x00, 0x00, 0x00, 0x00, 0x00, 0x00, 0x00,
        0x00, 0x00, 0x00, 0x00, 0x00, 0x00, 0x00, 0x00, 0x00, 0x00, 0x00, 0x00, 0x00, 0x00, 0x00, 0x00,
        0x00, 0x00, 0x00, 0x00, 0x00, 0x00, 0x00, 0x00, 0x00, 0x00, 0x00, 0x00, 0x00, 0x00, 0x00, 0x00,
        0x00, 0x00, 0x00, 0x00, 0x00, 0x00, 0x00, 0x00, 0x00, 0x00, 0x00, 0x00, 0x00, 0x00, 0x00, 0x00,
        0x00, 0x00, 0x00, 0x00, 0x00, 0x00, 0x00, 0x00, 0x00, 0x00, 0x00, 0x00, 0x00, 0x00, 0x00, 0x00,
        0x00, 0x00, 0x00, 0x00, 0x00, 0x00, 0x00, 0x00, 0x00, 0x00, 0x00, 0x00, 0x00, 0x00, 0x00, 0x00,
        0x00, 0x00, 0x00, 0x00, 0x00, 0x00, 0x00, 0x00, 0x00, 0x00, 0x00, 0x00, 0x00, 0x00, 0x00, 0x00,
        0x00, 0x00, 0x00, 0x00, 0x00, 0x00, 0x00, 0x00, 0x00, 0x00, 0x00, 0x00, 0x00, 0x00, 0x00, 0x00,
        0x00, 0x00, 0x00, 0x00, 0x00, 0x00, 0x00, 0x00, 0x01, 0x00, 0x00, 0x00, 0x00, 0x00, 0x00, 0x00,
        0x00, 0x00, 0x00, 0x00, 0x00, 0x00, 0x00, 0x10, 0x00, 0x00, 0x00, 0x00, 0x00, 0x00, 0x00, 0x00,
        0x00, 0x00, 0x00, 0x00, 0x00, 0x00, 0x00, 0x01, 0x11, 0x11, 0x10, 0x00, 0x00, 0x00, 0x00, 0x00,
        0x00, 0x00, 0x00, 0x00, 0x00, 0x01, 0x11, 0x11, 0x10, 0x00, 0x00, 0x00, 0x00, 0x00, 0x00, 0x00,
        0x00, 0x00, 0x00, 0x00, 0x00, 0x00, 0x00, 0x01, 0x67, 0x66, 0x11, 0x00, 0x00, 0x00, 0x00, 0x00,
        0x00, 0x00, 0x00, 0x00, 0x01, 0x11, 0x66, 0x76, 0x10, 0x00, 0x00, 0x00, 0x00, 0x00, 0x00, 0x00,
        0x00, 0x00, 0x00, 0x00, 0x00, 0x00, 0x00, 0x11, 0x77, 0x77, 0x66, 0x11, 0x00, 0x00, 0x00, 0x00,
        0x00, 0x00, 0x00, 0x00, 0x11, 0x66, 0x77, 0x76, 0x10, 0x00, 0x00, 0x00, 0x00, 0x00, 0x00, 0x00,
        0x00, 0x00, 0x00, 0x00, 0x00, 0x00, 0x00, 0x11, 0x79, 0x97, 0x77, 0x61, 0x10, 0x00, 0x00, 0x00,
        0x00, 0x00, 0x00, 0x01, 0x16, 0x77, 0x79, 0x97, 0x11, 0x00, 0x00, 0x00, 0x00, 0x00, 0x00, 0x00,
        0x00, 0x00, 0x00, 0x00, 0x00, 0x00, 0x00, 0x16, 0x78, 0x88, 0x77, 0x76, 0x11, 0x00, 0x00, 0x00,
        0x00, 0x00, 0x00, 0x11, 0x67, 0x77, 0x88, 0x87, 0x11, 0x00, 0x00, 0x00, 0x00, 0x00, 0x00, 0x00,
        0x00, 0x00, 0x00, 0x00, 0x00, 0x00, 0x00, 0x16, 0x78, 0x88, 0x87, 0x77, 0x61, 0x11, 0x11, 0x11,
        0x11, 0x11, 0x11, 0x16, 0x77, 0x98, 0x88, 0x87, 0x61, 0x00, 0x00, 0x00, 0x00, 0x00, 0x00, 0x00,
        0x00, 0x00, 0x00, 0x00, 0x00, 0x00, 0x00, 0x16, 0x78, 0x88, 0x88, 0x77, 0x76, 0x16, 0x66, 0x66,
        0x66, 0x66, 0x61, 0x67, 0x77, 0x88, 0x88, 0x87, 0x61, 0x00, 0x00, 0x00, 0x00, 0x00, 0x00, 0x00,
        0x00, 0x00, 0x00, 0x00, 0x00, 0x00, 0x00, 0x11, 0x78, 0x88, 0x88, 0x97, 0x77, 0x77, 0x66, 0x67,
        0x76, 0x66, 0x77, 0x77, 0x79, 0x88, 0x88, 0x87, 0x11, 0x00, 0x00, 0x00, 0x00, 0x00, 0x00, 0x00,
        0x00, 0x00, 0x00, 0x00, 0x00, 0x00, 0x00, 0x11, 0x78, 0x88, 0x89, 0x77, 0x77, 0x77, 0x66, 0x67,
        0x76, 0x66, 0x77, 0x77, 0x77, 0x98, 0x88, 0x87, 0x11, 0x00, 0x00, 0x00, 0x00, 0x00, 0x00, 0x00,
        0x00, 0x00, 0x00, 0x00, 0x00, 0x00, 0x00, 0x11, 0x78, 0x88, 0x77, 0x77, 0x77, 0x77, 0x66, 0x67,
        0x76, 0x66, 0x77, 0x77, 0x77, 0x77, 0x88, 0x87, 0x11, 0x00, 0x00, 0x00, 0x00, 0x00, 0x00, 0x00,
        0x00, 0x00, 0x00, 0x00, 0x00, 0x00, 0x00, 0x01, 0x69, 0x87, 0x77, 0x77, 0x77, 0x77, 0x66, 0x67,
        0x76, 0x66, 0x77, 0x77, 0x77, 0x77, 0x78, 0x96, 0x10, 0x00, 0x00, 0x00, 0x00, 0x00, 0x00, 0x00,
        0x00, 0x00, 0x00, 0x00, 0x00, 0x00, 0x00, 0x01, 0x67, 0x77, 0x77, 0x77, 0x77, 0x77, 0x77, 0x77,
        0x77, 0x77, 0x77, 0x77, 0x77, 0x77, 0x77, 0x76, 0x10, 0x00, 0x00, 0x00, 0x00, 0x00, 0x00, 0x00,
        0x00, 0x00, 0x00, 0x00, 0x00, 0x00, 0x00, 0x01, 0x67, 0x77, 0x77, 0x77, 0x77, 0x77, 0x77, 0x77,
        0x77, 0x77, 0x77, 0x77, 0x77, 0x77, 0x77, 0x76, 0x10, 0x00, 0x00, 0x00, 0x00, 0x00, 0x00, 0x00,
        0x00, 0x00, 0x00, 0x00, 0x00, 0x00, 0x00, 0x01, 0x17, 0x77, 0x77, 0x77, 0x77, 0x77, 0x77, 0x78,
        0x87, 0x77, 0x77, 0x77, 0x77, 0x77, 0x77, 0x71, 0x10, 0x00, 0x00, 0x00, 0x00, 0x00, 0x00, 0x00,
        0x00, 0x00, 0x00, 0x00, 0x00, 0x00, 0x00, 0x01, 0x67, 0x77, 0x77, 0x76, 0x66, 0x77, 0x77, 0x9F,
        0xF9, 0x77, 0x77, 0x66, 0x67, 0x77, 0x77, 0x76, 0x10, 0x00, 0x00, 0x00, 0x00, 0x00, 0x00, 0x00,
        0x00, 0x00, 0x00, 0x00, 0x00, 0x00, 0x00, 0x11, 0x77, 0x77, 0x77, 0x61, 0x11, 0x67, 0x77, 0xFF,
        0xFF, 0x77, 0x76, 0x11, 0x16, 0x77, 0x77, 0x77, 0x11, 0x00, 0x00, 0x00, 0x00, 0x00, 0x00, 0x00,
        0x00, 0x00, 0x00, 0x00, 0x00, 0x00, 0x00, 0x16, 0x77, 0x77, 0x77, 0x61, 0x11, 0x67, 0x78, 0xFF,
        0xFF, 0x87, 0x76, 0x11, 0x16, 0x77, 0x77, 0x77, 0x11, 0x00, 0x00, 0x00, 0x00, 0x00, 0x00, 0x00,
        0x00, 0x00, 0x00, 0x00, 0x00, 0x00, 0x00, 0x16, 0x77, 0x77, 0x77, 0x61, 0x11, 0x69, 0x8F, 0xFF,
        0xFF, 0xF8, 0x76, 0x11, 0x16, 0x77, 0x77, 0x77, 0x61, 0x00, 0x00, 0x00, 0x00, 0x00, 0x00, 0x00,
        0x00, 0x00, 0x00, 0x00, 0x00, 0x00, 0x00, 0x11, 0x66, 0x67, 0x77, 0x76, 0x66, 0x8F, 0xFF, 0x88,
        0x88, 0xFF, 0xF9, 0x66, 0x67, 0x77, 0x77, 0x79, 0x41, 0x00, 0x00, 0x00, 0x00, 0x00, 0x00, 0x00,
        0x00, 0x00, 0x00, 0x00, 0x00, 0x00, 0x11, 0x11, 0x11, 0x16, 0x79, 0x98, 0x8F, 0xFF, 0xFF, 0x88,
        0x88, 0xFF, 0xFF, 0xF8, 0x99, 0x99, 0x98, 0xFF, 0x41, 0x00, 0x01, 0x10, 0x00, 0x00, 0x00, 0x00,
        0x00, 0x00, 0x00, 0x00, 0x00, 0x00, 0x14, 0x44, 0x44, 0x21, 0x4F, 0xFF, 0xFF, 0xFF, 0x5F, 0xF4,
        0x4F, 0xF5, 0xFF, 0xFF, 0xFF, 0xFF, 0xFF, 0xFF, 0x41, 0x01, 0x16, 0x61, 0x00, 0x00, 0x00, 0x00,
        0x00, 0x00, 0x00, 0x00, 0x00, 0x00, 0x11, 0x44, 0x44, 0x44, 0x14, 0xFF, 0xFF, 0xF8, 0x14, 0x41,
        0x14, 0x41, 0xFF, 0xFF, 0xFF, 0xFF, 0xFF, 0xF8, 0x11, 0x16, 0x99, 0x91, 0x10, 0x00, 0x00, 0x00,
        0x00, 0x00, 0x00, 0x00, 0x00, 0x00, 0x01, 0x14, 0x44, 0x44, 0x21, 0x5F, 0xFF, 0xFF, 0x41, 0x14,
        0x41, 0x25, 0xFF, 0xFF, 0xFF, 0xFF, 0xFF, 0xF4, 0x11, 0x69, 0x99, 0x71, 0x00, 0x00, 0x00, 0x00,
        0x00, 0x00, 0x00, 0x00, 0x00, 0x00, 0x00, 0x01, 0x44, 0x44, 0x41, 0x4F, 0xFF, 0xFF, 0xFF, 0xFF,
        0xFF, 0xFF, 0xFF, 0xFF, 0xFF, 0xFF, 0xFF, 0x51, 0x11, 0x79, 0x99, 0x11, 0x00, 0x00, 0x00, 0x00,
        0x00, 0x00, 0x00, 0x00, 0x11, 0x00, 0x00, 0x01, 0x14, 0x44, 0x42, 0x2F, 0xFF, 0xFF, 0xFF, 0xFF,
        0xFF, 0xFF, 0xFF, 0xFF, 0xFF, 0xFF, 0xF5, 0x11, 0x12, 0x99, 0x76, 0x10, 0x00, 0x00, 0x00, 0x00,
        0x00, 0x00, 0x00, 0x01, 0x12, 0x10, 0x00, 0x00, 0x14, 0x44, 0x42, 0x1F, 0xFF, 0xFF, 0xFF, 0xFF,
        0xFF, 0xFF, 0xFF, 0xFF, 0xFF, 0xFF, 0x31, 0x11, 0x25, 0x96, 0x11, 0x00, 0x00, 0x00, 0x00, 0x00,
        0x00, 0x00, 0x00, 0x01, 0x24, 0x21, 0x00, 0x01, 0x24, 0x44, 0x42, 0x1F, 0xFF, 0xFF, 0xFF, 0xFF,
        0xFF, 0xFF, 0xFF, 0xFF, 0xFF, 0x84, 0x11, 0x12, 0x54, 0x11, 0x00, 0x00, 0x00, 0x00, 0x00, 0x00,
        0x00, 0x00, 0x00, 0x01, 0x14, 0x42, 0x11, 0x12, 0x44, 0x44, 0x44, 0x14, 0x88, 0xFF, 0xFF, 0xFF,
        0xFF, 0xFF, 0xFF, 0x88, 0x97, 0x76, 0x11, 0x25, 0x41, 0x00, 0x00, 0x00, 0x00, 0x00, 0x00, 0x00,
        0x00, 0x00, 0x00, 0x00, 0x14, 0x44, 0x42, 0x44, 0x44, 0x44, 0x44, 0x21, 0x69, 0xFF, 0xFF, 0xFF,
        0xFF, 0xFF, 0xFF, 0x97, 0x77, 0x76, 0x12, 0x54, 0x10, 0x00, 0x00, 0x00, 0x00, 0x00, 0x00, 0x00,
        0x00, 0x00, 0x00, 0x00, 0x14, 0x44, 0x44, 0x44, 0x44, 0x44, 0x44, 0x44, 0x14, 0xFF, 0xFF, 0xFF,
        0xFF, 0xFF, 0xFF, 0x87, 0x66, 0x61, 0x45, 0x41, 0x00, 0x00, 0x00, 0x00, 0x00, 0x00, 0x00, 0x00,
        0x00, 0x00, 0x00, 0x00, 0x01, 0x44, 0x44, 0x44, 0x44, 0x44, 0x42, 0x22, 0x21, 0x4F, 0xFF, 0xFF,
        0xFF, 0xFF, 0xFF, 0x86, 0x11, 0x14, 0x54, 0x11, 0x00, 0x00, 0x00, 0x00, 0x00, 0x00, 0x00, 0x00,
        0x00, 0x00, 0x00, 0x00, 0x01, 0x14, 0x44, 0x44, 0x24, 0x44, 0x12, 0x44, 0x11, 0x14, 0xFF, 0xFF,
        0xFF, 0xFF, 0xFF, 0x41, 0x66, 0x14, 0x41, 0x61, 0x00, 0x00, 0x00, 0x00, 0x00, 0x00, 0x00, 0x00,
        0x00, 0x00, 0x00, 0x00, 0x00, 0x01, 0x11, 0x11, 0x11, 0x21, 0x4F, 0xFF, 0x51, 0x11, 0x4F, 0xFF,
        0xFF, 0xFF, 0x52, 0x11, 0x66, 0x61, 0x16, 0x76, 0x10, 0x00, 0x00, 0x00, 0x00, 0x00, 0x00, 0x00,
        0x00, 0x00, 0x00, 0x00, 0x00, 0x00, 0x01, 0x11, 0x66, 0x15, 0xFF, 0x8F, 0xF5, 0x41, 0x14, 0xFF,
        0xFF, 0xF4, 0x14, 0x55, 0x41, 0x66, 0x16, 0x76, 0x10, 0x00, 0x00, 0x00, 0x00, 0x00, 0x00, 0x00,
        0x00, 0x00, 0x00, 0x00, 0x00, 0x00, 0x00, 0x16, 0x61, 0x4F, 0xF8, 0x88, 0xFF, 0xF4, 0x11, 0x4F,
        0xFF, 0x51, 0x5F, 0xFF, 0xF8, 0x41, 0x16, 0x77, 0x61, 0x00, 0x00, 0x00, 0x00, 0x00, 0x00, 0x00,
        0x00, 0x00, 0x00, 0x00, 0x00, 0x00, 0x00, 0x16, 0x14, 0xFF, 0xFF, 0x8F, 0x88, 0xF4, 0x14, 0x14,
        0xF5, 0x11, 0x8F, 0xF8, 0x8F, 0xF4, 0x41, 0x16, 0x61, 0x00, 0x00, 0x00, 0x00, 0x00, 0x00, 0x00,
        0x00, 0x00, 0x00, 0x00, 0x00, 0x00, 0x01, 0x66, 0x68, 0xFF, 0xF8, 0x8F, 0x88, 0xF5, 0x14, 0x41,
        0x21, 0x12, 0x88, 0x88, 0xFF, 0xFF, 0xF7, 0x66, 0x71, 0x10, 0x00, 0x00, 0x00, 0x00, 0x00, 0x00,
        0x00, 0x00, 0x00, 0x00, 0x00, 0x00, 0x01, 0x67, 0x7F, 0xFF, 0x88, 0x88, 0xF8, 0x8F, 0x24, 0x42,
        0x16, 0x64, 0xF8, 0x8F, 0x88, 0x8F, 0xF9, 0x77, 0x76, 0x10, 0x00, 0x00, 0x00, 0x00, 0x00, 0x00,
        0x00, 0x00, 0x00, 0x00, 0x00, 0x00, 0x01, 0x67, 0x7F, 0xFF, 0x88, 0x88, 0xF8, 0x8F, 0x14, 0x21,
        0x66, 0x64, 0xFF, 0xF8, 0x88, 0x8F, 0xF9, 0x77, 0x76, 0x10, 0x00, 0x00, 0x00, 0x00, 0x00, 0x00,
        0x00, 0x00, 0x00, 0x00, 0x00, 0x00, 0x01, 0x67, 0x78, 0xFF, 0xF8, 0x88, 0xFF, 0xF4, 0x12, 0x16,
        0x66, 0x61, 0x58, 0x88, 0x88, 0xFF, 0xF9, 0x77, 0x76, 0x10, 0x00, 0x00, 0x00, 0x00, 0x00, 0x00,
        0x00, 0x00, 0x00, 0x00, 0x00, 0x00, 0x01, 0x17, 0x78, 0xFF, 0xFF, 0xFF, 0xFF, 0x41, 0x11, 0x66,
        0x66, 0x66, 0x4F, 0xFF, 0x8F, 0xFF, 0xF9, 0x77, 0x71, 0x10, 0x00, 0x00, 0x00, 0x00, 0x00, 0x00,
        0x00, 0x00, 0x00, 0x00, 0x00, 0x00, 0x00, 0x16, 0x77, 0x8F, 0xFF, 0x85, 0x41, 0x11, 0x16, 0x66,
        0x66, 0x66, 0x15, 0xFF, 0xFF, 0xFF, 0x87, 0x77, 0x61, 0x00, 0x00, 0x00, 0x00, 0x00, 0x00, 0x00,
        0x00, 0x00, 0x00, 0x00, 0x00, 0x00, 0x00, 0x01, 0x66, 0x78, 0x54, 0x11, 0x10, 0x11, 0x66, 0x66,
        0x66, 0x66, 0x11, 0x44, 0x44, 0x58, 0x77, 0x66, 0x10, 0x00, 0x00, 0x00, 0x00, 0x00, 0x00, 0x00,
        0x00, 0x00, 0x00, 0x00, 0x00, 0x00, 0x00, 0x00, 0x11, 0x11, 0x11, 0x00, 0x01, 0x16, 0x66, 0x66,
        0x66, 0x66, 0x14, 0x21, 0x00, 0x11, 0x11, 0x11, 0x00, 0x00, 0x00, 0x00, 0x00, 0x00, 0x00, 0x00,
        0x00, 0x00, 0x00, 0x00, 0x00, 0x00, 0x00, 0x00, 0x00, 0x00, 0x00, 0x00, 0x01, 0x66, 0x66, 0x66,
        0x66, 0x61, 0x44, 0x42, 0x10, 0x00, 0x00, 0x00, 0x00, 0x00, 0x00, 0x00, 0x00, 0x00, 0x00, 0x00,
        0x00, 0x00, 0x00, 0x00, 0x00, 0x00, 0x00, 0x00, 0x00, 0x00, 0x00, 0x00, 0x06, 0x76, 0x66, 0x66,
        0x61, 0x14, 0x44, 0x44, 0x21, 0x00, 0x00, 0x00, 0x00, 0x00, 0x00, 0x00, 0x00, 0x00, 0x00, 0x00,
        0x00, 0x00, 0x00, 0x00, 0x00, 0x00, 0x00, 0x00, 0x00, 0x00, 0x00, 0x00, 0x01, 0x67, 0x66, 0x66,
        0x11, 0x44, 0x44, 0x44, 0x42, 0x10, 0x00, 0x00, 0x00, 0x00, 0x00, 0x00, 0x00, 0x00, 0x00, 0x00,
        0x00, 0x00, 0x00, 0x00, 0x00, 0x00, 0x00, 0x00, 0x00, 0x00, 0x00, 0x00, 0x01, 0x66, 0x66, 0x61,
        0x11, 0x14, 0x44, 0x42, 0x12, 0x21, 0x00, 0x00, 0x00, 0x00, 0x00, 0x00, 0x00, 0x00, 0x00, 0x00,
        0x00, 0x00, 0x00, 0x00, 0x00, 0x00, 0x00, 0x00, 0x00, 0x00, 0x00, 0x00, 0x00, 0x16, 0x66, 0x10,
        0x00, 0x11, 0x44, 0x21, 0x01, 0x41, 0x00, 0x00, 0x00, 0x00, 0x00, 0x00, 0x00, 0x00, 0x00, 0x00,
        0x00, 0x00, 0x00, 0x00, 0x00, 0x00, 0x00, 0x00, 0x00, 0x00, 0x00, 0x00, 0x00, 0x01, 0x11, 0x00,
        0x00, 0x01, 0x14, 0x21, 0x01, 0x41, 0x00, 0x00, 0x00, 0x00, 0x00, 0x00, 0x00, 0x00, 0x00, 0x00,
        0x00, 0x00, 0x00, 0x00, 0x00, 0x00, 0x00, 0x00, 0x00, 0x00, 0x00, 0x00, 0x00, 0x00, 0x00, 0x00,
        0x00, 0x00, 0x11, 0x41, 0x12, 0x41, 0x00, 0x00, 0x00, 0x00, 0x00, 0x00, 0x00, 0x00, 0x00, 0x00,
        0x00, 0x00, 0x00, 0x00, 0x00, 0x00, 0x00, 0x00, 0x00, 0x00, 0x00, 0x00, 0x00, 0x00, 0x00, 0x00,
        0x00, 0x00, 0x00, 0x14, 0x44, 0x11, 0x00, 0x00, 0x00, 0x00, 0x00, 0x00, 0x00, 0x00, 0x00, 0x00,
        0x00, 0x00, 0x00, 0x00, 0x00, 0x00, 0x00, 0x00, 0x00, 0x00, 0x00, 0x00, 0x00, 0x00, 0x00, 0x00,
        0x00, 0x00, 0x00, 0x01, 0x11, 0x10, 0x00, 0x00, 0x00, 0x00, 0x00, 0x00, 0x00, 0x00, 0x00, 0x00,
        0x00, 0x00, 0x00, 0x00, 0x00, 0x00, 0x00, 0x00, 0x00, 0x00, 0x00, 0x00, 0x00, 0x00, 0x00, 0x00,
        0x00, 0x00, 0x00, 0x00, 0x00, 0x00, 0x00, 0x00, 0x00, 0x00, 0x00, 0x00, 0x00, 0x00, 0x00, 0x00,
        0x00, 0x00, 0x00, 0x00, 0x00, 0x00, 0x00, 0x00, 0x00, 0x00, 0x00, 0x00, 0x00, 0x00, 0x00, 0x00,
        0x00, 0x00, 0x00, 0x00, 0x00, 0x00, 0x00, 0x00, 0x00, 0x00, 0x00, 0x00, 0x00, 0x00, 0x00, 0x00,
        0x00, 0x00, 0x00, 0x00, 0x00, 0x00, 0x00, 0x00, 0x00, 0x00, 0x00, 0x00, 0x00, 0x00, 0x00, 0x00,
        0x00, 0x00, 0x00, 0x00, 0x00, 0x00, 0x00, 0x00, 0x00, 0x00, 0x00, 0x00, 0x00, 0x00, 0x00, 0x00,
        0x00, 0x00, 0x00, 0x00, 0x00, 0x00, 0x00, 0x00, 0x00, 0x00, 0x00, 0x00, 0x00, 0x00, 0x00, 0x00,
        0x00, 0x00, 0x00, 0x00, 0x00, 0x00, 0x00, 0x00, 0x00, 0x00, 0x00, 0x00, 0x00, 0x00, 0x00, 0x00,
        0x00, 0x00, 0x00, 0x00, 0x00, 0x00, 0x00, 0x00, 0x00, 0x00, 0x00, 0x00, 0x00, 0x00, 0x00, 0x00,
        0x00, 0x00, 0x00, 0x00, 0x00, 0x00, 0x00, 0x00, 0x00, 0x00, 0x00, 0x00, 0x00, 0x00, 0x00, 0x00,
        0x00, 0x00, 0x00, 0x00, 0x00, 0x00, 0x00, 0x00, 0x00, 0x00, 0x00, 0x00, 0x00, 0x00, 0x00, 0x00,
        0x00, 0x00, 0x00, 0x00, 0x00, 0x00, 0x00, 0x00, 0x00, 0x00, 0x00, 0x00, 0x00, 0x00, 0x00, 0x00,
    ],
};
